Date,Time(hours),Bus_id,Weather Condition,Temperature,Bus Stop ID,Bus Delay (mins),Population Density,Holiday Flag,Distance from Previous Bus Stop (km),Total Passenger Count,Bus Frequency (per hour),People Waiting
07/11/2024,21:00:00,Bus_1,Cloudy,11,21,14,7943,1,1.94,140,1,356
20/11/2024,18:00:00,Bus_17,Cloudy,18,23,20,3441,1,3.85,190,4,40
29/11/2024,13:00:00,Bus_19,Rainy,10,20,12,5550,0,4.49,402,1,359
15/11/2024,18:00:00,Bus_14,Sunny,33,30,21,7225,1,1.51,94,4,495
11/11/2024,05:00:00,Bus_12,Sunny,11,1,10,3596,1,4.47,492,4,62
08/11/2024,17:00:00,Bus_10,Sunny,24,25,18,4505,1,3.37,496,3,254
29/11/2024,17:00:00,Bus_18,Cloudy,10,20,7,3861,1,1.51,229,3,454
21/11/2024,08:00:00,Bus_11,Sunny,32,9,19,5640,0,2.71,63,2,69
07/11/2024,05:00:00,Bus_2,Foggy,18,22,7,6731,0,1.64,340,2,398
26/11/2024,21:00:00,Bus_18,Clear,14,15,9,4551,1,3.8,25,4,245
19/11/2024,12:00:00,Bus_7,Cloudy,30,1,25,6236,0,4.04,268,1,365
23/11/2024,06:00:00,Bus_15,Rainy,34,12,15,4736,0,1.42,405,5,170
11/11/2024,12:00:00,Bus_11,Rainy,19,3,18,4449,0,3.02,281,5,178
11/11/2024,11:00:00,Bus_18,Clear,31,11,25,3264,1,4.26,11,1,189
24/11/2024,06:00:00,Bus_12,Cloudy,15,2,22,5659,0,4.74,320,1,260
21/11/2024,07:00:00,Bus_6,Sunny,35,16,10,5721,0,3.05,201,3,72
04/11/2024,22:00:00,Bus_13,Sunny,23,9,12,4462,0,4.8,126,5,472
08/11/2024,16:00:00,Bus_16,Foggy,14,15,27,7252,1,3.14,306,4,459
24/11/2024,05:00:00,Bus_18,Foggy,28,12,8,4445,1,2.58,190,2,17
03/11/2024,16:00:00,Bus_10,Sunny,35,1,19,5298,0,4.39,89,3,370
22/11/2024,09:00:00,Bus_8,Rainy,17,13,23,5925,0,2.97,355,5,341
21/11/2024,21:00:00,Bus_18,Rainy,30,14,18,4632,1,2.89,116,1,57
02/11/2024,20:00:00,Bus_1,Foggy,28,25,15,5374,1,2.96,352,5,218
24/11/2024,19:00:00,Bus_8,Clear,20,25,6,7990,0,4.39,177,4,107
12/11/2024,19:00:00,Bus_6,Sunny,27,8,18,3512,0,4.33,14,3,304
30/11/2024,09:00:00,Bus_5,Foggy,28,8,11,3215,1,2.61,257,1,428
06/11/2024,18:00:00,Bus_15,Foggy,11,27,14,6331,1,2.33,209,4,173
02/11/2024,06:00:00,Bus_15,Sunny,23,30,30,5172,0,2.97,281,2,219
28/11/2024,15:00:00,Bus_2,Sunny,10,12,22,6153,1,3.29,443,3,464
21/11/2024,11:00:00,Bus_1,Rainy,29,1,13,4706,0,1.95,328,4,247
01/11/2024,10:00:00,Bus_11,Clear,10,11,10,5106,0,4.18,325,4,218
12/11/2024,06:00:00,Bus_10,Clear,30,8,25,4567,0,2.95,389,1,373
26/11/2024,10:00:00,Bus_18,Sunny,11,10,9,5208,1,2.34,105,2,417
22/11/2024,22:00:00,Bus_18,Cloudy,14,30,26,5331,0,1.43,483,4,31
29/11/2024,06:00:00,Bus_17,Foggy,23,19,10,5153,0,1.96,147,3,368
12/11/2024,22:00:00,Bus_8,Foggy,35,11,5,4128,1,4.8,279,4,47
25/11/2024,19:00:00,Bus_15,Sunny,18,7,1,6510,1,2.22,9,5,134
17/11/2024,06:00:00,Bus_8,Cloudy,17,11,10,7323,0,1.68,118,3,108
27/11/2024,10:00:00,Bus_17,Rainy,9,17,18,6653,0,2.84,94,3,72
27/11/2024,05:00:00,Bus_12,Sunny,24,1,5,5365,1,2.23,434,4,327
10/11/2024,19:00:00,Bus_8,Sunny,14,26,13,7897,1,1.14,144,1,418
28/11/2024,14:00:00,Bus_14,Foggy,17,29,19,5921,1,2.29,289,3,108
28/11/2024,21:00:00,Bus_4,Sunny,35,21,5,7567,0,3.18,386,5,309
16/11/2024,09:00:00,Bus_1,Sunny,12,21,16,4079,0,3.21,14,1,398
15/11/2024,08:00:00,Bus_1,Sunny,35,8,9,6511,0,2.43,494,1,272
30/11/2024,14:00:00,Bus_19,Foggy,10,23,27,5741,1,2.79,257,1,171
30/11/2024,21:00:00,Bus_16,Rainy,12,24,0,6020,0,4.86,346,3,116
15/11/2024,14:00:00,Bus_14,Rainy,9,6,2,3228,1,2.51,186,1,329
30/11/2024,21:00:00,Bus_16,Sunny,27,22,7,3170,0,2.03,345,4,74
19/11/2024,09:00:00,Bus_5,Foggy,34,18,7,3294,1,1.97,400,1,256
12/11/2024,06:00:00,Bus_9,Rainy,33,6,26,7284,0,2.83,207,5,81
23/11/2024,10:00:00,Bus_2,Rainy,18,5,19,3425,0,4.04,346,2,268
20/11/2024,06:00:00,Bus_18,Rainy,29,13,21,3918,1,1.82,431,5,128
25/11/2024,17:00:00,Bus_6,Foggy,23,19,14,6253,1,3.84,172,3,326
03/11/2024,15:00:00,Bus_9,Foggy,35,22,23,3498,0,1.08,464,1,403
05/11/2024,15:00:00,Bus_1,Sunny,30,8,6,5809,1,2.68,270,1,235
19/11/2024,20:00:00,Bus_9,Clear,27,9,10,7961,1,4.1,221,4,41
07/11/2024,15:00:00,Bus_16,Rainy,24,17,6,3825,0,2.35,152,1,181
21/11/2024,19:00:00,Bus_13,Clear,29,3,28,6779,1,3.25,111,5,157
09/11/2024,20:00:00,Bus_9,Foggy,35,19,3,4858,0,1.82,183,3,454
07/11/2024,15:00:00,Bus_13,Foggy,32,11,24,5118,0,3.97,399,2,59
18/11/2024,20:00:00,Bus_9,Foggy,30,24,11,3145,1,1.21,339,1,345
04/11/2024,12:00:00,Bus_11,Clear,12,17,25,7565,1,4.41,72,2,249
25/11/2024,08:00:00,Bus_4,Foggy,10,21,5,6577,0,1.79,418,1,192
28/11/2024,12:00:00,Bus_2,Sunny,33,19,13,3192,0,4.5,386,3,24
14/11/2024,08:00:00,Bus_6,Foggy,21,2,11,6888,0,2.41,283,5,473
18/11/2024,07:00:00,Bus_14,Cloudy,9,8,10,3051,0,3.89,74,3,400
26/11/2024,07:00:00,Bus_4,Clear,25,19,18,5410,0,2.28,355,2,436
09/11/2024,22:00:00,Bus_6,Cloudy,21,7,20,4820,0,4.62,215,1,80
26/11/2024,09:00:00,Bus_19,Foggy,12,28,4,5964,1,1.51,497,2,134
21/11/2024,22:00:00,Bus_6,Sunny,15,27,13,5521,1,1.71,328,5,421
02/11/2024,14:00:00,Bus_2,Rainy,25,17,20,4869,1,2.97,476,3,213
20/11/2024,10:00:00,Bus_18,Foggy,17,6,23,5568,0,1.33,23,2,388
28/11/2024,05:00:00,Bus_13,Sunny,12,19,15,4867,1,1.78,68,2,482
15/11/2024,09:00:00,Bus_9,Clear,27,24,24,5738,0,4.78,398,5,348
28/11/2024,13:00:00,Bus_19,Cloudy,9,6,12,6269,0,4.91,447,1,166
07/11/2024,16:00:00,Bus_13,Cloudy,18,28,24,6199,1,2.51,373,2,425
12/11/2024,18:00:00,Bus_11,Cloudy,12,2,28,5579,0,4.69,362,5,348
29/11/2024,06:00:00,Bus_1,Clear,17,6,21,7005,0,3.18,93,1,337
08/11/2024,21:00:00,Bus_7,Sunny,21,23,21,7935,0,2.08,321,1,398
15/11/2024,18:00:00,Bus_15,Clear,22,5,24,3240,0,3.81,324,3,71
03/11/2024,17:00:00,Bus_1,Cloudy,18,19,19,6440,0,3.64,384,5,214
14/11/2024,13:00:00,Bus_12,Foggy,14,20,21,7631,0,4.96,63,1,435
17/11/2024,19:00:00,Bus_7,Rainy,24,4,3,4407,1,2.06,224,3,65
04/11/2024,19:00:00,Bus_15,Clear,14,22,10,6502,0,3.69,225,4,221
18/11/2024,15:00:00,Bus_19,Clear,25,26,16,7038,0,1.21,369,5,308
08/11/2024,20:00:00,Bus_1,Sunny,18,17,6,3082,0,1.45,346,4,479
04/11/2024,21:00:00,Bus_17,Sunny,26,11,13,6768,0,1.02,337,1,286
02/11/2024,08:00:00,Bus_17,Clear,35,4,25,3950,1,5,103,5,185
30/11/2024,05:00:00,Bus_3,Cloudy,30,26,10,3610,1,4.21,215,3,207
06/11/2024,12:00:00,Bus_12,Rainy,26,13,27,7669,0,4.15,192,1,466
22/11/2024,21:00:00,Bus_6,Sunny,11,20,21,6605,0,3.04,160,5,99
10/11/2024,07:00:00,Bus_11,Cloudy,28,26,8,7554,0,2.2,372,5,242
04/11/2024,19:00:00,Bus_3,Foggy,35,17,22,6283,1,1.61,207,4,158
22/11/2024,19:00:00,Bus_8,Sunny,29,9,12,5173,1,2.14,269,1,98
29/11/2024,18:00:00,Bus_14,Cloudy,33,4,22,6484,1,2.5,194,3,42
18/11/2024,18:00:00,Bus_14,Cloudy,23,23,17,4522,1,4.03,380,3,139
26/11/2024,06:00:00,Bus_10,Rainy,23,28,27,5601,0,3.16,403,1,283
12/11/2024,17:00:00,Bus_2,Rainy,12,14,10,5657,1,1.31,152,1,408
02/11/2024,18:00:00,Bus_14,Foggy,35,19,14,5159,1,1.07,237,2,227
10/11/2024,11:00:00,Bus_9,Cloudy,17,26,24,5449,0,1.41,88,4,423
30/11/2024,07:00:00,Bus_3,Cloudy,35,28,25,6830,0,2.64,11,1,72
04/11/2024,19:00:00,Bus_8,Rainy,34,3,24,3121,1,4.73,187,1,243
14/11/2024,18:00:00,Bus_16,Sunny,27,14,21,7368,1,3.55,214,2,18
16/11/2024,15:00:00,Bus_2,Sunny,32,8,28,4317,1,4.21,15,2,77
15/11/2024,19:00:00,Bus_6,Clear,25,24,18,7493,1,2.87,266,5,45
08/11/2024,17:00:00,Bus_12,Rainy,19,27,0,5518,0,2.45,297,3,472
14/11/2024,22:00:00,Bus_5,Clear,33,28,3,4230,0,1.43,411,4,371
23/11/2024,10:00:00,Bus_2,Rainy,17,1,13,4133,1,4.5,444,5,343
28/11/2024,07:00:00,Bus_16,Foggy,18,10,13,4301,1,4.13,73,1,140
25/11/2024,19:00:00,Bus_5,Cloudy,26,18,2,7034,1,1.67,52,2,177
30/11/2024,09:00:00,Bus_15,Foggy,28,16,29,4910,1,3.05,128,3,222
08/11/2024,14:00:00,Bus_12,Rainy,21,8,27,4505,1,2.95,28,5,415
21/11/2024,11:00:00,Bus_4,Cloudy,16,1,16,6185,0,3.5,65,3,92
16/11/2024,21:00:00,Bus_15,Sunny,15,12,2,4916,0,4.78,17,2,22
13/11/2024,11:00:00,Bus_11,Sunny,25,8,15,7915,0,3.32,351,5,172
18/11/2024,16:00:00,Bus_16,Clear,29,24,13,6548,1,3.16,428,5,92
15/11/2024,21:00:00,Bus_6,Rainy,31,16,29,5757,1,1.2,138,3,192
21/11/2024,17:00:00,Bus_14,Rainy,23,18,19,4956,0,1.25,319,2,77
24/11/2024,08:00:00,Bus_18,Sunny,28,4,28,3178,0,1.75,229,1,281
26/11/2024,14:00:00,Bus_12,Foggy,23,6,12,3896,1,1.13,254,5,364
25/11/2024,07:00:00,Bus_11,Cloudy,9,12,14,4551,0,3.97,477,1,179
28/11/2024,13:00:00,Bus_13,Foggy,33,27,13,3491,1,3.89,210,2,238
28/11/2024,17:00:00,Bus_11,Foggy,22,9,23,3060,1,1.54,431,5,135
28/11/2024,22:00:00,Bus_16,Sunny,13,15,24,4077,0,4.34,294,5,365
13/11/2024,19:00:00,Bus_15,Sunny,19,16,18,5895,0,1.62,231,1,390
09/11/2024,08:00:00,Bus_15,Sunny,24,24,5,7160,0,2.2,241,4,280
29/11/2024,19:00:00,Bus_4,Clear,10,12,9,6683,1,2,70,1,19
15/11/2024,06:00:00,Bus_11,Foggy,16,24,26,3585,1,2.49,104,1,83
13/11/2024,19:00:00,Bus_19,Rainy,19,23,14,6960,0,2.02,204,4,228
01/11/2024,12:00:00,Bus_15,Cloudy,26,14,20,6770,1,2.96,53,2,371
25/11/2024,12:00:00,Bus_4,Clear,11,13,21,3534,1,2.63,462,2,265
07/11/2024,21:00:00,Bus_13,Rainy,34,25,19,6462,1,4.95,428,5,112
09/11/2024,16:00:00,Bus_19,Foggy,9,2,25,7011,0,1.22,375,3,251
24/11/2024,14:00:00,Bus_2,Sunny,19,3,5,6398,1,1.57,330,3,164
01/11/2024,13:00:00,Bus_14,Foggy,24,26,22,5155,0,1.21,54,5,358
12/11/2024,09:00:00,Bus_4,Cloudy,26,24,24,4004,0,3.5,276,3,168
08/11/2024,10:00:00,Bus_16,Clear,24,30,9,5499,1,1.22,335,1,221
24/11/2024,06:00:00,Bus_14,Clear,31,22,6,3326,0,4.35,31,1,408
11/11/2024,17:00:00,Bus_15,Cloudy,18,10,21,7703,1,3.05,135,4,304
19/11/2024,10:00:00,Bus_3,Rainy,26,9,16,5706,0,3.11,58,4,191
17/11/2024,09:00:00,Bus_8,Rainy,14,26,17,3001,0,3.25,105,5,325
08/11/2024,05:00:00,Bus_16,Clear,27,20,16,4033,1,1.68,266,5,437
03/11/2024,10:00:00,Bus_10,Clear,12,8,8,5481,0,1.79,10,5,438
03/11/2024,10:00:00,Bus_4,Sunny,35,10,9,3124,0,2.28,496,1,170
01/11/2024,20:00:00,Bus_18,Rainy,21,19,9,4104,0,3.37,253,3,375
27/11/2024,08:00:00,Bus_2,Cloudy,32,3,24,5699,1,1.84,295,5,45
05/11/2024,15:00:00,Bus_17,Rainy,22,24,6,4861,1,1.47,156,5,381
10/11/2024,13:00:00,Bus_13,Sunny,11,5,15,5920,0,4.88,158,1,474
07/11/2024,07:00:00,Bus_4,Clear,18,3,28,3128,0,1.09,37,1,14
26/11/2024,12:00:00,Bus_11,Clear,14,26,17,3437,0,4.21,119,1,231
09/11/2024,09:00:00,Bus_7,Sunny,9,27,5,7846,1,4.15,67,3,157
28/11/2024,08:00:00,Bus_12,Cloudy,31,16,26,5548,1,2.19,242,5,500
07/11/2024,10:00:00,Bus_10,Clear,32,17,19,6129,0,1.54,299,2,134
09/11/2024,06:00:00,Bus_7,Foggy,35,15,0,4221,1,1.58,463,2,391
08/11/2024,15:00:00,Bus_13,Clear,22,3,0,3901,1,3.79,213,5,37
12/11/2024,08:00:00,Bus_7,Foggy,16,12,11,6168,1,3.57,308,5,53
02/11/2024,19:00:00,Bus_17,Sunny,27,9,20,7486,1,4.13,101,5,18
01/11/2024,10:00:00,Bus_10,Sunny,22,21,27,6918,0,4.75,56,5,471
16/11/2024,21:00:00,Bus_10,Clear,18,12,1,4067,1,3.77,332,3,492
23/11/2024,10:00:00,Bus_4,Rainy,25,26,3,3026,1,1.62,324,2,38
23/11/2024,06:00:00,Bus_4,Foggy,17,15,16,3547,0,1.97,239,4,187
30/11/2024,19:00:00,Bus_7,Cloudy,14,2,3,5668,0,4.37,393,2,385
24/11/2024,15:00:00,Bus_1,Clear,19,23,10,3566,1,1.84,231,2,196
05/11/2024,12:00:00,Bus_12,Cloudy,33,18,21,3703,1,1.29,362,1,243
03/11/2024,17:00:00,Bus_13,Clear,15,20,25,7280,0,3.81,381,5,300
12/11/2024,16:00:00,Bus_10,Rainy,25,12,3,6140,0,2.61,92,5,303
08/11/2024,09:00:00,Bus_15,Rainy,9,23,0,4590,0,4.68,279,5,35
22/11/2024,10:00:00,Bus_13,Rainy,30,4,6,7943,1,3.6,447,1,215
27/11/2024,08:00:00,Bus_9,Rainy,13,23,29,7694,1,1.36,109,3,219
03/11/2024,05:00:00,Bus_9,Sunny,17,16,17,3805,0,4.79,317,3,316
01/11/2024,21:00:00,Bus_15,Sunny,26,23,8,6791,1,2.03,168,4,90
03/11/2024,16:00:00,Bus_10,Foggy,32,16,28,4357,0,2.35,300,3,308
05/11/2024,19:00:00,Bus_10,Cloudy,35,1,2,6225,1,2.61,470,3,252
15/11/2024,05:00:00,Bus_8,Clear,29,22,7,6618,0,1.2,408,5,8
14/11/2024,18:00:00,Bus_16,Clear,10,25,28,5126,0,2.99,435,2,256
03/11/2024,10:00:00,Bus_17,Sunny,34,2,23,5460,1,1.49,442,3,363
01/11/2024,09:00:00,Bus_5,Clear,19,30,18,3545,1,2.6,218,3,208
05/11/2024,15:00:00,Bus_4,Sunny,35,3,3,5728,1,2.4,222,1,425
26/11/2024,08:00:00,Bus_18,Foggy,14,26,17,6734,1,4.09,161,4,131
23/11/2024,17:00:00,Bus_19,Cloudy,34,21,19,5562,1,4.21,16,1,224
14/11/2024,15:00:00,Bus_4,Foggy,16,25,26,5079,1,1.61,278,5,197
07/11/2024,07:00:00,Bus_7,Rainy,12,20,10,5641,0,2.47,497,2,468
27/11/2024,05:00:00,Bus_10,Rainy,26,17,26,6114,1,2.49,57,4,142
09/11/2024,10:00:00,Bus_18,Rainy,19,20,13,4926,0,1.61,62,1,252
15/11/2024,22:00:00,Bus_19,Foggy,13,22,24,3616,0,4.19,498,3,96
15/11/2024,14:00:00,Bus_4,Clear,23,21,17,6644,1,3.83,363,3,26
26/11/2024,09:00:00,Bus_10,Cloudy,26,30,27,4203,0,1.76,466,4,111
10/11/2024,14:00:00,Bus_1,Rainy,10,29,27,4759,0,2.47,327,3,454
28/11/2024,16:00:00,Bus_18,Rainy,30,1,28,5565,1,1.42,242,1,123
13/11/2024,06:00:00,Bus_5,Rainy,19,20,15,6174,1,3.51,90,1,186
19/11/2024,17:00:00,Bus_15,Cloudy,34,6,2,6081,1,1.49,72,3,484
07/11/2024,12:00:00,Bus_17,Rainy,33,29,14,5630,0,4.94,326,3,168
17/11/2024,06:00:00,Bus_3,Cloudy,21,15,26,6161,1,4.12,30,5,51
20/11/2024,05:00:00,Bus_12,Rainy,12,26,26,7321,1,2.56,359,2,379
29/11/2024,09:00:00,Bus_2,Foggy,30,26,30,3669,1,3.31,407,4,5
04/11/2024,13:00:00,Bus_1,Foggy,15,14,3,6168,1,4.65,288,1,77
30/11/2024,21:00:00,Bus_17,Cloudy,19,20,4,5121,0,3.22,86,4,160
05/11/2024,13:00:00,Bus_16,Foggy,30,15,16,7078,1,1.7,234,5,208
23/11/2024,15:00:00,Bus_5,Cloudy,32,14,6,7151,0,2.51,235,1,257
07/11/2024,19:00:00,Bus_15,Foggy,12,25,15,3719,1,4.37,313,5,205
13/11/2024,10:00:00,Bus_3,Foggy,23,21,13,5600,0,3.58,365,5,255
15/11/2024,07:00:00,Bus_7,Cloudy,9,24,25,6598,0,3.6,265,3,438
11/11/2024,21:00:00,Bus_11,Clear,31,25,15,7669,0,4.47,287,4,11
29/11/2024,09:00:00,Bus_10,Foggy,11,26,6,3666,1,4.58,327,4,437
04/11/2024,16:00:00,Bus_9,Rainy,22,5,8,3283,0,4.68,393,3,8
13/11/2024,22:00:00,Bus_14,Clear,14,6,3,6903,1,1.38,269,4,409
07/11/2024,18:00:00,Bus_13,Cloudy,26,17,29,6565,1,3.18,186,3,424
27/11/2024,15:00:00,Bus_2,Clear,33,11,29,5234,1,3.96,131,1,32
19/11/2024,13:00:00,Bus_3,Sunny,9,16,21,7593,1,4.03,291,5,472
22/11/2024,06:00:00,Bus_7,Sunny,14,12,10,4465,1,3.43,481,5,28
28/11/2024,16:00:00,Bus_18,Foggy,14,15,1,3129,0,1.67,277,4,206
02/11/2024,07:00:00,Bus_3,Foggy,29,23,11,7734,1,4.19,320,2,493
10/11/2024,07:00:00,Bus_10,Rainy,24,4,11,5060,0,3.88,351,5,387
13/11/2024,05:00:00,Bus_7,Clear,13,27,29,6672,0,1.34,180,3,228
30/11/2024,12:00:00,Bus_9,Sunny,25,18,3,5494,0,2.86,290,2,128
25/11/2024,12:00:00,Bus_17,Foggy,18,21,17,3992,0,1.7,480,2,255
21/11/2024,15:00:00,Bus_11,Clear,29,28,25,5121,0,2.35,377,5,475
06/11/2024,13:00:00,Bus_7,Foggy,26,3,20,5584,0,1.07,163,5,212
28/11/2024,09:00:00,Bus_14,Foggy,15,22,30,7196,0,2.6,271,5,239
28/11/2024,18:00:00,Bus_19,Sunny,11,8,6,5223,1,3.2,376,3,207
12/11/2024,07:00:00,Bus_4,Sunny,21,23,28,7522,0,3.48,96,2,318
12/11/2024,09:00:00,Bus_6,Foggy,23,3,0,6188,1,3.65,262,4,283
20/11/2024,09:00:00,Bus_10,Cloudy,28,8,30,6237,0,4.35,365,3,245
30/11/2024,18:00:00,Bus_7,Foggy,27,18,25,7136,0,1.86,469,1,45
30/11/2024,08:00:00,Bus_13,Foggy,11,10,25,7524,0,1.48,353,5,105
11/11/2024,17:00:00,Bus_14,Rainy,12,25,22,3343,0,4.41,288,2,348
26/11/2024,14:00:00,Bus_4,Rainy,13,20,25,7461,1,1.63,436,3,281
23/11/2024,22:00:00,Bus_8,Rainy,9,17,12,7704,1,4.9,83,1,234
28/11/2024,12:00:00,Bus_5,Cloudy,12,8,5,7823,1,4.37,225,3,189
25/11/2024,12:00:00,Bus_1,Cloudy,20,23,5,5276,0,3,412,3,44
07/11/2024,11:00:00,Bus_4,Foggy,35,11,11,7920,0,4.93,223,4,494
30/11/2024,12:00:00,Bus_3,Rainy,32,29,7,6201,0,1.39,469,4,225
01/11/2024,18:00:00,Bus_9,Cloudy,18,5,23,3888,1,2.21,118,3,430
01/11/2024,10:00:00,Bus_8,Sunny,31,26,21,5043,0,3.55,482,1,142
25/11/2024,05:00:00,Bus_1,Foggy,33,13,18,4341,1,2.4,192,2,136
27/11/2024,19:00:00,Bus_6,Clear,29,21,4,6720,1,4.71,79,2,176
30/11/2024,05:00:00,Bus_9,Foggy,34,23,17,5883,0,1.26,78,5,142
25/11/2024,21:00:00,Bus_7,Clear,28,5,30,7212,0,3.2,147,5,449
20/11/2024,05:00:00,Bus_4,Rainy,32,24,29,5415,1,3.36,107,2,80
13/11/2024,19:00:00,Bus_13,Clear,33,27,4,4117,1,3.61,382,3,82
09/11/2024,06:00:00,Bus_17,Rainy,21,13,29,7263,1,2.02,271,3,135
03/11/2024,18:00:00,Bus_2,Sunny,31,6,24,6001,0,2.46,390,4,207
07/11/2024,12:00:00,Bus_5,Clear,22,29,9,4738,0,4.37,244,4,344
06/11/2024,12:00:00,Bus_12,Foggy,31,5,0,4364,0,1.78,73,5,177
08/11/2024,11:00:00,Bus_8,Rainy,13,9,9,5708,0,4.31,357,2,383
27/11/2024,10:00:00,Bus_6,Foggy,12,27,4,7790,0,3.25,468,3,243
09/11/2024,10:00:00,Bus_8,Cloudy,22,16,11,3924,0,4.05,354,2,55
30/11/2024,07:00:00,Bus_18,Rainy,18,2,21,3151,1,3.85,422,1,141
05/11/2024,11:00:00,Bus_3,Clear,25,1,29,3585,1,1.83,26,2,457
01/11/2024,12:00:00,Bus_12,Rainy,18,8,26,3912,1,3.28,210,1,440
19/11/2024,14:00:00,Bus_3,Foggy,34,28,6,5321,0,4.47,92,4,56
10/11/2024,19:00:00,Bus_6,Sunny,15,19,8,3495,1,2.73,125,4,15
12/11/2024,19:00:00,Bus_2,Rainy,24,30,21,6795,0,4.87,435,5,185
24/11/2024,05:00:00,Bus_12,Clear,9,11,20,5148,0,2.81,73,2,314
15/11/2024,11:00:00,Bus_2,Cloudy,25,28,11,3556,1,1.57,480,2,419
27/11/2024,08:00:00,Bus_6,Sunny,29,12,22,4552,0,2.56,123,1,88
22/11/2024,10:00:00,Bus_17,Cloudy,17,12,28,5120,1,4.81,309,4,97
24/11/2024,05:00:00,Bus_3,Rainy,14,7,0,6085,1,2.28,184,1,144
09/11/2024,09:00:00,Bus_2,Foggy,27,26,10,6504,0,4.47,187,4,8
20/11/2024,05:00:00,Bus_8,Foggy,21,13,29,3156,1,4.53,198,1,477
17/11/2024,08:00:00,Bus_12,Clear,11,27,20,3734,1,2.4,78,4,215
30/11/2024,06:00:00,Bus_4,Foggy,15,8,14,7654,1,1.33,348,1,173
17/11/2024,14:00:00,Bus_5,Sunny,30,29,1,6276,1,3.9,186,4,223
26/11/2024,09:00:00,Bus_13,Foggy,17,29,19,3154,0,2.25,344,1,40
20/11/2024,14:00:00,Bus_15,Clear,30,22,6,3996,1,4.13,253,2,497
12/11/2024,05:00:00,Bus_16,Rainy,13,28,20,5294,1,2.77,13,5,182
30/11/2024,10:00:00,Bus_10,Rainy,18,26,11,7626,1,2.94,299,1,270
07/11/2024,17:00:00,Bus_16,Foggy,31,30,21,5905,0,4.11,76,5,187
02/11/2024,19:00:00,Bus_12,Cloudy,25,9,17,7824,1,2.53,51,2,245
03/11/2024,08:00:00,Bus_17,Rainy,20,7,2,4177,0,2.77,275,2,478
17/11/2024,17:00:00,Bus_16,Foggy,31,26,6,3153,1,2.5,149,4,309
05/11/2024,19:00:00,Bus_12,Clear,24,21,10,7187,1,2.47,219,5,231
17/11/2024,12:00:00,Bus_8,Foggy,11,24,17,4716,1,3.1,122,3,383
24/11/2024,09:00:00,Bus_3,Rainy,33,15,11,6202,0,4.24,211,4,155
17/11/2024,19:00:00,Bus_16,Clear,30,2,5,5857,0,2.45,280,5,175
27/11/2024,08:00:00,Bus_13,Foggy,17,23,4,3786,0,3.1,26,1,336
17/11/2024,16:00:00,Bus_19,Sunny,23,20,25,7368,0,3.68,173,1,115
02/11/2024,17:00:00,Bus_8,Clear,13,25,0,7272,0,2.08,156,2,390
02/11/2024,06:00:00,Bus_5,Sunny,31,12,11,6767,0,2.11,238,3,311
28/11/2024,08:00:00,Bus_8,Cloudy,21,1,26,5878,1,4.73,376,1,481
22/11/2024,08:00:00,Bus_12,Clear,22,23,30,3642,0,3.89,82,5,300
23/11/2024,15:00:00,Bus_1,Sunny,28,22,25,7662,1,3.31,492,5,18
05/11/2024,09:00:00,Bus_6,Rainy,23,8,10,3665,0,3.59,356,1,272
01/11/2024,15:00:00,Bus_18,Rainy,24,5,3,6426,0,1.12,490,5,12
01/11/2024,14:00:00,Bus_8,Cloudy,31,15,26,6783,0,3.47,413,5,404
19/11/2024,12:00:00,Bus_7,Clear,21,1,17,6701,1,3.04,273,2,301
30/11/2024,10:00:00,Bus_1,Clear,25,1,3,4069,0,3.18,68,3,192
02/11/2024,10:00:00,Bus_16,Clear,31,25,16,5349,0,2.44,44,2,232
21/11/2024,12:00:00,Bus_12,Cloudy,16,10,1,7503,1,1.33,493,3,443
12/11/2024,19:00:00,Bus_6,Clear,29,22,28,4212,1,1.77,61,5,93
26/11/2024,18:00:00,Bus_2,Rainy,10,10,23,4152,1,4.8,123,3,478
06/11/2024,15:00:00,Bus_14,Sunny,13,21,21,5511,1,2.63,349,5,218
23/11/2024,16:00:00,Bus_4,Rainy,14,15,1,3143,0,2.87,196,5,278
04/11/2024,17:00:00,Bus_1,Rainy,20,17,11,5489,1,1.21,330,2,353
23/11/2024,12:00:00,Bus_18,Sunny,26,22,30,6228,0,1.15,409,2,487
11/11/2024,22:00:00,Bus_13,Rainy,30,6,5,7582,0,3.87,479,4,303
24/11/2024,05:00:00,Bus_2,Cloudy,30,3,9,7955,1,3.15,323,1,29
27/11/2024,19:00:00,Bus_9,Sunny,9,13,24,6205,0,3.03,111,4,470
17/11/2024,12:00:00,Bus_2,Rainy,25,16,22,7243,1,1.97,258,4,301
06/11/2024,15:00:00,Bus_9,Foggy,19,8,24,6142,0,3.98,89,3,77
24/11/2024,16:00:00,Bus_1,Rainy,18,30,20,6304,1,1.67,433,5,9
05/11/2024,16:00:00,Bus_11,Cloudy,27,15,22,4357,1,1.76,198,5,24
20/11/2024,08:00:00,Bus_3,Clear,22,17,26,5713,1,2.84,282,5,15
02/11/2024,20:00:00,Bus_4,Rainy,34,17,15,7185,1,2.15,200,1,164
06/11/2024,08:00:00,Bus_18,Clear,18,22,30,4357,1,1.99,99,3,13
22/11/2024,09:00:00,Bus_6,Foggy,23,26,13,7294,1,3.58,27,3,347
11/11/2024,09:00:00,Bus_3,Rainy,27,13,6,7633,0,3.6,89,5,172
16/11/2024,12:00:00,Bus_11,Sunny,12,17,27,6192,0,4.3,146,4,357
16/11/2024,14:00:00,Bus_15,Clear,10,6,27,3300,0,2.67,182,1,327
01/11/2024,21:00:00,Bus_5,Foggy,17,17,18,3723,1,1.29,257,4,200
09/11/2024,13:00:00,Bus_10,Sunny,18,16,22,6010,0,2.09,189,2,485
28/11/2024,18:00:00,Bus_12,Sunny,19,14,16,3067,1,4.92,240,3,489
27/11/2024,12:00:00,Bus_15,Sunny,22,13,8,6836,0,3.39,359,3,462
06/11/2024,13:00:00,Bus_17,Sunny,15,6,25,6993,0,3.84,387,4,378
16/11/2024,15:00:00,Bus_10,Rainy,31,3,12,5506,1,1.03,196,1,76
29/11/2024,05:00:00,Bus_6,Rainy,23,14,21,4537,0,3.07,297,3,164
03/11/2024,18:00:00,Bus_18,Rainy,30,14,4,3397,0,1.15,165,4,372
20/11/2024,09:00:00,Bus_13,Foggy,27,15,22,7715,0,3.28,307,1,61
28/11/2024,18:00:00,Bus_3,Foggy,30,8,4,6357,1,4.68,271,4,488
27/11/2024,08:00:00,Bus_10,Foggy,23,29,9,4163,0,4.87,8,1,465
04/11/2024,05:00:00,Bus_14,Cloudy,32,15,20,7825,1,3.16,38,5,424
19/11/2024,12:00:00,Bus_6,Foggy,16,22,26,3555,0,2.83,114,1,245
26/11/2024,19:00:00,Bus_3,Rainy,19,29,9,6661,0,4.78,339,2,477
03/11/2024,19:00:00,Bus_16,Rainy,17,27,26,4751,0,3.69,56,5,382
19/11/2024,13:00:00,Bus_7,Cloudy,23,13,6,5941,0,1.26,431,4,155
20/11/2024,13:00:00,Bus_14,Cloudy,9,17,25,5657,1,2.86,474,5,257
07/11/2024,14:00:00,Bus_9,Foggy,9,21,14,5795,0,1.96,359,5,244
20/11/2024,13:00:00,Bus_15,Clear,27,24,6,5329,1,2.88,138,4,162
09/11/2024,07:00:00,Bus_3,Cloudy,11,3,28,4959,1,2.82,102,4,68
01/11/2024,15:00:00,Bus_2,Sunny,18,28,26,4601,0,3.33,334,2,344
08/11/2024,10:00:00,Bus_2,Rainy,16,6,14,5793,0,2.43,177,4,277
07/11/2024,06:00:00,Bus_3,Sunny,23,5,2,4480,1,1.66,169,3,161
18/11/2024,11:00:00,Bus_18,Rainy,18,22,18,4102,1,3.01,339,3,391
08/11/2024,22:00:00,Bus_14,Rainy,9,26,9,6276,0,4.32,286,2,449
01/11/2024,06:00:00,Bus_18,Cloudy,26,17,27,4299,0,3.66,261,1,489
11/11/2024,21:00:00,Bus_10,Cloudy,10,23,28,7994,0,2.35,375,1,259
28/11/2024,15:00:00,Bus_2,Sunny,27,25,14,6879,0,4.74,223,3,492
25/11/2024,16:00:00,Bus_1,Rainy,21,2,2,4535,0,4.65,199,4,307
25/11/2024,11:00:00,Bus_4,Sunny,30,26,5,3077,1,1.84,211,2,335
18/11/2024,10:00:00,Bus_14,Clear,9,15,11,5831,0,1.16,287,1,95
23/11/2024,05:00:00,Bus_1,Sunny,10,5,14,6410,0,3.97,180,1,438
30/11/2024,21:00:00,Bus_14,Foggy,24,26,5,5721,1,4.31,250,5,464
10/11/2024,15:00:00,Bus_16,Sunny,23,20,12,6627,0,4.87,231,3,458
03/11/2024,22:00:00,Bus_14,Foggy,21,6,28,4532,0,4.56,472,4,246
07/11/2024,21:00:00,Bus_3,Foggy,24,6,18,3237,1,3.4,482,2,221
28/11/2024,11:00:00,Bus_3,Foggy,25,27,2,4996,0,3.12,23,1,123
16/11/2024,21:00:00,Bus_9,Clear,29,18,7,6427,1,1.11,48,5,187
26/11/2024,13:00:00,Bus_6,Sunny,15,18,7,3277,0,1.99,109,3,262
16/11/2024,21:00:00,Bus_13,Sunny,32,4,22,6089,0,2.84,296,3,413
25/11/2024,12:00:00,Bus_2,Clear,34,17,25,3523,0,3.51,6,2,273
20/11/2024,21:00:00,Bus_8,Rainy,25,25,19,7275,1,3.23,38,1,373
28/11/2024,11:00:00,Bus_2,Cloudy,15,14,14,7218,1,3.97,169,2,60
17/11/2024,05:00:00,Bus_4,Sunny,21,14,3,6122,1,2.12,356,2,406
02/11/2024,17:00:00,Bus_15,Cloudy,13,13,18,7575,1,3.26,283,5,408
01/11/2024,21:00:00,Bus_4,Clear,34,7,20,4797,0,1.35,203,3,125
16/11/2024,17:00:00,Bus_13,Rainy,25,12,2,5131,1,2.65,325,4,337
30/11/2024,20:00:00,Bus_12,Rainy,11,23,12,3815,1,4,313,3,341
12/11/2024,12:00:00,Bus_13,Rainy,15,15,7,5694,1,3.77,273,3,51
05/11/2024,22:00:00,Bus_14,Clear,34,19,22,3442,0,4.96,244,5,178
05/11/2024,05:00:00,Bus_18,Foggy,25,11,15,6140,0,2.11,327,4,139
27/11/2024,18:00:00,Bus_6,Foggy,15,15,12,3142,1,2.99,475,1,440
23/11/2024,19:00:00,Bus_11,Cloudy,29,12,2,7287,1,2.32,47,4,327
09/11/2024,22:00:00,Bus_2,Foggy,9,3,15,4410,0,2.76,249,1,170
09/11/2024,06:00:00,Bus_19,Foggy,25,17,8,7473,1,4.43,79,4,39
03/11/2024,21:00:00,Bus_19,Rainy,25,3,27,3534,1,3.74,110,2,69
19/11/2024,22:00:00,Bus_5,Rainy,19,19,13,4716,1,4.53,13,4,236
16/11/2024,10:00:00,Bus_19,Cloudy,33,20,12,6364,1,1.81,395,5,48
16/11/2024,08:00:00,Bus_2,Sunny,35,4,20,4032,0,4.49,380,1,381
03/11/2024,05:00:00,Bus_10,Cloudy,11,3,24,6342,0,1.24,365,3,57
20/11/2024,12:00:00,Bus_2,Cloudy,23,26,6,4410,0,4.55,90,5,277
24/11/2024,11:00:00,Bus_11,Clear,29,16,14,7500,1,2.32,342,1,338
22/11/2024,07:00:00,Bus_18,Clear,19,12,6,4172,1,2.26,348,1,99
24/11/2024,14:00:00,Bus_15,Cloudy,34,8,5,3888,0,3.05,280,3,404
01/11/2024,14:00:00,Bus_9,Cloudy,24,24,1,6338,0,4.76,221,2,15
24/11/2024,18:00:00,Bus_19,Cloudy,33,29,8,7517,0,1.19,73,5,325
20/11/2024,06:00:00,Bus_9,Foggy,30,29,21,4641,1,2.41,234,3,461
11/11/2024,05:00:00,Bus_3,Clear,17,17,23,3471,0,4.43,260,3,179
17/11/2024,22:00:00,Bus_9,Cloudy,32,7,16,5940,1,2.58,113,2,332
08/11/2024,11:00:00,Bus_14,Rainy,32,11,4,3546,1,1.8,46,5,62
04/11/2024,12:00:00,Bus_19,Rainy,9,18,11,7726,0,2.7,274,3,119
06/11/2024,05:00:00,Bus_7,Foggy,33,1,0,6597,0,2.54,43,2,469
08/11/2024,07:00:00,Bus_16,Foggy,30,3,9,5825,1,4.66,208,5,37
20/11/2024,12:00:00,Bus_16,Sunny,24,4,10,6723,0,4.05,417,4,134
30/11/2024,19:00:00,Bus_1,Sunny,17,13,15,3363,0,3.02,349,1,455
03/11/2024,09:00:00,Bus_4,Sunny,27,6,13,5166,1,4.95,103,2,26
16/11/2024,07:00:00,Bus_4,Foggy,20,26,7,6309,1,2.86,124,1,490
30/11/2024,05:00:00,Bus_7,Foggy,27,14,23,3545,1,1.23,10,4,496
25/11/2024,19:00:00,Bus_8,Foggy,30,5,16,6240,1,2.05,329,3,8
03/11/2024,12:00:00,Bus_17,Rainy,17,16,24,7729,1,2.74,187,3,457
25/11/2024,06:00:00,Bus_5,Foggy,15,15,17,4936,0,1.63,31,5,475
29/11/2024,07:00:00,Bus_7,Rainy,22,15,11,3962,1,4.79,156,2,4
18/11/2024,18:00:00,Bus_4,Sunny,27,30,24,6005,1,4.07,60,2,21
14/11/2024,18:00:00,Bus_6,Sunny,27,4,16,6806,1,2.07,249,5,415
18/11/2024,15:00:00,Bus_7,Sunny,10,8,27,3882,0,3.36,387,1,149
02/11/2024,20:00:00,Bus_18,Cloudy,17,27,25,6840,1,3.89,374,3,488
22/11/2024,08:00:00,Bus_5,Cloudy,21,16,13,3870,1,4.77,439,3,25
03/11/2024,09:00:00,Bus_3,Clear,23,28,15,7611,1,4.53,270,2,487
16/11/2024,18:00:00,Bus_7,Clear,11,16,13,5985,0,3.06,442,2,143
29/11/2024,20:00:00,Bus_14,Clear,19,30,8,3865,1,4.1,217,5,245
09/11/2024,22:00:00,Bus_7,Cloudy,29,4,3,7309,1,3.25,399,4,419
04/11/2024,11:00:00,Bus_5,Cloudy,22,13,24,6203,1,3.21,2,1,433
01/11/2024,14:00:00,Bus_5,Clear,33,26,22,5897,0,1.46,24,4,43
04/11/2024,11:00:00,Bus_2,Clear,16,28,10,5244,0,1.5,206,4,425
01/11/2024,05:00:00,Bus_6,Foggy,26,13,5,3018,0,3.12,320,2,293
14/11/2024,20:00:00,Bus_15,Clear,27,2,14,3641,0,2.08,496,2,185
21/11/2024,08:00:00,Bus_10,Foggy,24,3,4,6083,1,1.08,199,2,42
16/11/2024,22:00:00,Bus_7,Rainy,10,22,10,3329,1,3.89,356,4,431
20/11/2024,06:00:00,Bus_5,Cloudy,16,8,24,3865,0,1.13,114,1,92
24/11/2024,05:00:00,Bus_1,Clear,30,24,17,3773,0,3.38,280,2,317
08/11/2024,19:00:00,Bus_13,Cloudy,14,15,29,7487,1,3.16,155,3,398
07/11/2024,09:00:00,Bus_18,Cloudy,20,11,12,7732,1,4.88,165,1,324
03/11/2024,15:00:00,Bus_13,Cloudy,23,9,10,5354,0,2.94,486,3,53
17/11/2024,14:00:00,Bus_18,Rainy,33,7,13,6338,0,1.25,222,1,84
01/11/2024,06:00:00,Bus_5,Sunny,16,13,27,6518,0,3.21,91,2,34
16/11/2024,07:00:00,Bus_13,Clear,12,2,17,5942,0,4.36,167,5,76
12/11/2024,16:00:00,Bus_4,Sunny,23,8,26,5567,1,4.99,447,2,353
27/11/2024,09:00:00,Bus_17,Sunny,28,7,27,4674,0,2.72,207,4,408
19/11/2024,09:00:00,Bus_3,Sunny,33,24,30,5683,0,2.28,282,4,404
22/11/2024,10:00:00,Bus_17,Cloudy,25,12,24,6380,1,4.63,65,1,197
23/11/2024,13:00:00,Bus_11,Foggy,21,19,27,3739,1,1.76,376,4,486
22/11/2024,06:00:00,Bus_4,Cloudy,26,7,18,4545,1,3.46,4,2,286
14/11/2024,16:00:00,Bus_2,Cloudy,10,10,23,7564,1,2.62,157,3,88
30/11/2024,07:00:00,Bus_16,Sunny,21,29,26,5259,1,1.16,249,2,235
06/11/2024,16:00:00,Bus_18,Cloudy,21,25,14,4135,0,2.39,257,1,232
06/11/2024,21:00:00,Bus_8,Sunny,30,16,8,3873,0,2.06,235,4,7
13/11/2024,14:00:00,Bus_3,Foggy,23,3,7,7555,0,3.74,306,3,292
19/11/2024,18:00:00,Bus_9,Clear,28,30,19,5300,1,4.8,366,5,38
22/11/2024,21:00:00,Bus_6,Sunny,35,10,27,3751,0,2.07,470,3,464
08/11/2024,22:00:00,Bus_10,Foggy,18,6,0,3853,1,4.25,395,3,52
27/11/2024,21:00:00,Bus_10,Clear,11,18,3,6732,0,1.22,74,2,143
27/11/2024,18:00:00,Bus_13,Rainy,27,18,13,5283,0,3.15,187,5,430
02/11/2024,13:00:00,Bus_17,Sunny,11,5,24,4329,1,1.28,62,1,407
21/11/2024,12:00:00,Bus_9,Sunny,30,21,1,3477,1,4.74,337,1,396
30/11/2024,06:00:00,Bus_17,Rainy,22,29,15,5726,0,4.07,164,3,221
01/11/2024,17:00:00,Bus_9,Rainy,16,7,2,6091,0,3.63,56,3,428
28/11/2024,11:00:00,Bus_9,Sunny,35,28,25,7230,0,4.3,111,4,240
15/11/2024,13:00:00,Bus_1,Rainy,31,2,7,7505,0,3.59,218,5,143
01/11/2024,15:00:00,Bus_2,Cloudy,12,11,5,4269,0,4.88,240,3,349
05/11/2024,18:00:00,Bus_16,Clear,35,30,15,7181,1,3.86,21,4,493
28/11/2024,08:00:00,Bus_1,Clear,28,13,23,5603,1,4.7,141,5,363
29/11/2024,17:00:00,Bus_10,Clear,19,23,15,4469,1,3.07,265,1,382
16/11/2024,06:00:00,Bus_18,Cloudy,34,5,6,3377,1,1.47,139,4,49
19/11/2024,09:00:00,Bus_8,Rainy,19,30,29,4680,0,3.11,459,5,277
04/11/2024,15:00:00,Bus_11,Foggy,35,6,12,3241,0,1.51,70,4,271
03/11/2024,10:00:00,Bus_2,Rainy,19,24,12,3919,1,3.37,385,3,14
17/11/2024,22:00:00,Bus_8,Sunny,10,26,4,3069,0,2.93,118,2,298
17/11/2024,14:00:00,Bus_8,Clear,25,29,24,6924,1,3.49,198,1,492
12/11/2024,08:00:00,Bus_17,Rainy,17,14,19,5086,0,1.04,205,3,464
28/11/2024,13:00:00,Bus_15,Foggy,10,12,21,5007,0,1.78,214,3,15
30/11/2024,10:00:00,Bus_17,Sunny,32,4,17,3800,0,2.97,56,5,234
29/11/2024,06:00:00,Bus_13,Cloudy,23,29,14,5779,1,4.8,287,4,63
14/11/2024,21:00:00,Bus_19,Cloudy,24,23,17,7920,1,2.53,470,1,196
21/11/2024,09:00:00,Bus_5,Foggy,33,6,1,3755,1,2.7,293,3,27
06/11/2024,10:00:00,Bus_12,Sunny,12,10,9,4995,1,3.86,175,5,471
03/11/2024,16:00:00,Bus_1,Clear,16,18,22,4321,0,3.42,347,1,93
28/11/2024,14:00:00,Bus_5,Rainy,17,15,12,5330,0,2.2,370,4,105
09/11/2024,10:00:00,Bus_8,Sunny,34,8,17,3109,0,2.64,500,3,309
05/11/2024,12:00:00,Bus_13,Cloudy,34,26,14,4016,0,1.87,462,3,52
24/11/2024,06:00:00,Bus_8,Foggy,13,9,30,6865,1,4.86,128,3,319
29/11/2024,16:00:00,Bus_11,Foggy,24,5,11,3024,0,1.52,431,1,457
17/11/2024,17:00:00,Bus_1,Rainy,21,10,14,7938,0,2.49,378,1,181
14/11/2024,11:00:00,Bus_13,Foggy,15,20,12,5838,0,1.1,325,1,57
21/11/2024,14:00:00,Bus_19,Foggy,34,6,17,3737,1,1.89,442,1,120
03/11/2024,17:00:00,Bus_3,Sunny,28,16,14,3179,1,4.12,292,5,308
28/11/2024,21:00:00,Bus_17,Clear,25,24,24,3231,1,1.8,288,2,363
01/11/2024,18:00:00,Bus_5,Rainy,11,27,22,4917,0,1.32,226,5,43
20/11/2024,06:00:00,Bus_8,Sunny,13,3,10,3342,1,2.9,64,3,135
29/11/2024,15:00:00,Bus_14,Clear,27,10,18,7572,0,1.04,455,5,373
21/11/2024,05:00:00,Bus_4,Sunny,20,11,2,5623,0,1.34,426,4,426
23/11/2024,08:00:00,Bus_11,Sunny,35,11,6,3454,0,4.23,48,1,260
01/11/2024,15:00:00,Bus_15,Foggy,15,17,20,7384,1,4.09,202,4,197
03/11/2024,12:00:00,Bus_19,Clear,17,4,25,7625,1,4.66,498,4,133
18/11/2024,15:00:00,Bus_7,Rainy,14,4,13,5276,0,4.42,337,3,459
25/11/2024,08:00:00,Bus_19,Rainy,34,17,13,3595,0,3.73,414,1,255
10/11/2024,21:00:00,Bus_19,Clear,25,9,21,6874,1,1.21,405,4,489
22/11/2024,11:00:00,Bus_11,Foggy,24,19,12,7530,1,4.13,60,3,220
26/11/2024,12:00:00,Bus_5,Cloudy,31,5,11,7977,1,4.38,397,1,336
03/11/2024,07:00:00,Bus_5,Sunny,11,22,23,7497,0,4.2,257,2,41
08/11/2024,06:00:00,Bus_8,Foggy,29,24,8,5669,0,3.03,65,3,478
14/11/2024,19:00:00,Bus_10,Clear,34,6,0,5135,0,1.93,239,5,388
24/11/2024,09:00:00,Bus_6,Sunny,12,3,18,6964,1,4.38,289,1,255
18/11/2024,05:00:00,Bus_15,Rainy,18,22,10,4565,1,3.91,38,4,2
15/11/2024,08:00:00,Bus_16,Cloudy,13,1,22,3308,1,4.92,25,4,494
22/11/2024,19:00:00,Bus_17,Rainy,29,20,21,3342,0,1.62,410,5,195
23/11/2024,07:00:00,Bus_8,Clear,30,22,22,3435,0,1.9,461,5,242
02/11/2024,15:00:00,Bus_8,Sunny,18,16,23,3176,1,1.85,59,4,149
27/11/2024,21:00:00,Bus_9,Clear,20,23,21,3138,0,4.17,476,1,198
10/11/2024,17:00:00,Bus_2,Sunny,18,11,18,3193,1,1.75,417,3,299
02/11/2024,15:00:00,Bus_15,Foggy,21,13,17,6257,0,1.27,357,5,245
26/11/2024,06:00:00,Bus_18,Cloudy,19,27,11,6235,1,4.99,383,5,338
17/11/2024,13:00:00,Bus_3,Foggy,30,10,22,3942,0,1.1,297,5,108
08/11/2024,06:00:00,Bus_17,Foggy,24,3,27,7620,0,4.34,158,2,453
01/11/2024,13:00:00,Bus_4,Clear,16,9,27,6879,1,2.46,57,1,393
09/11/2024,13:00:00,Bus_4,Cloudy,16,28,27,6113,1,4.37,433,1,212
11/11/2024,12:00:00,Bus_14,Sunny,35,12,26,5962,1,3.22,48,1,156
22/11/2024,21:00:00,Bus_9,Sunny,33,23,0,7836,1,4.61,328,1,26
16/11/2024,05:00:00,Bus_9,Rainy,16,14,18,7957,1,4.7,433,1,82
07/11/2024,15:00:00,Bus_18,Sunny,21,1,27,3953,0,1.04,431,4,83
29/11/2024,12:00:00,Bus_10,Clear,35,18,26,4302,1,1.3,56,5,131
10/11/2024,14:00:00,Bus_4,Foggy,10,17,19,6381,1,2,65,4,329
23/11/2024,11:00:00,Bus_12,Foggy,20,27,28,5880,1,3.68,268,2,100
26/11/2024,07:00:00,Bus_8,Foggy,18,9,29,5187,0,4.55,69,3,256
03/11/2024,07:00:00,Bus_2,Cloudy,20,9,16,7887,1,2.84,216,5,479
18/11/2024,22:00:00,Bus_13,Sunny,19,23,4,3545,1,3.43,390,2,49
25/11/2024,09:00:00,Bus_16,Clear,23,10,25,4927,1,1.75,89,4,401
24/11/2024,16:00:00,Bus_2,Cloudy,24,19,2,7152,0,4.22,449,3,63
13/11/2024,16:00:00,Bus_11,Rainy,25,29,1,3004,0,4.87,281,2,311
28/11/2024,10:00:00,Bus_10,Clear,34,15,30,6481,1,2.07,257,3,407
26/11/2024,06:00:00,Bus_15,Clear,10,5,2,6253,0,2.98,160,2,290
07/11/2024,16:00:00,Bus_17,Clear,26,15,7,4362,1,1.34,490,4,105
25/11/2024,09:00:00,Bus_8,Foggy,20,20,15,4820,0,3.24,234,3,105
04/11/2024,16:00:00,Bus_18,Clear,27,23,5,5663,1,3.01,131,2,325
13/11/2024,21:00:00,Bus_9,Sunny,34,30,12,5938,0,1.58,49,4,15
20/11/2024,21:00:00,Bus_8,Clear,31,25,29,4273,1,2.77,147,5,175
01/11/2024,14:00:00,Bus_14,Foggy,26,28,22,6326,1,2.34,316,4,259
08/11/2024,21:00:00,Bus_18,Clear,25,2,27,6659,0,3.09,491,4,211
14/11/2024,19:00:00,Bus_12,Rainy,14,13,21,5945,1,3.34,413,5,412
16/11/2024,16:00:00,Bus_19,Rainy,33,24,21,6018,1,1.03,434,4,259
14/11/2024,20:00:00,Bus_14,Foggy,23,16,15,4131,1,4.04,2,5,102
12/11/2024,12:00:00,Bus_17,Sunny,11,15,27,7763,1,3.85,329,5,260
19/11/2024,21:00:00,Bus_3,Sunny,14,25,15,5636,0,2.47,440,5,344
23/11/2024,09:00:00,Bus_7,Cloudy,11,10,2,6029,1,1.21,145,2,159
15/11/2024,20:00:00,Bus_17,Foggy,9,14,27,6019,0,4.02,444,3,45
28/11/2024,10:00:00,Bus_12,Clear,21,10,12,7377,0,4.82,366,2,443
02/11/2024,12:00:00,Bus_9,Foggy,29,25,13,6159,0,1.96,420,5,301
02/11/2024,22:00:00,Bus_15,Cloudy,34,14,7,3253,0,2.29,61,3,251
23/11/2024,16:00:00,Bus_18,Foggy,22,26,11,3328,1,1.74,273,3,331
22/11/2024,19:00:00,Bus_13,Foggy,21,30,22,5591,1,3.31,49,5,165
19/11/2024,13:00:00,Bus_8,Cloudy,35,23,22,5830,0,1.62,332,3,193
25/11/2024,17:00:00,Bus_14,Sunny,12,9,21,6044,1,2.42,444,3,9
26/11/2024,19:00:00,Bus_8,Clear,15,25,20,4420,0,3.79,404,2,401
30/11/2024,14:00:00,Bus_14,Cloudy,30,14,25,6401,1,3.24,434,3,374
29/11/2024,20:00:00,Bus_7,Rainy,18,3,7,5892,1,2.55,131,5,65
22/11/2024,11:00:00,Bus_12,Sunny,15,20,20,3654,1,2.68,43,1,387
26/11/2024,21:00:00,Bus_11,Rainy,29,16,24,3759,0,3.25,57,1,495
26/11/2024,11:00:00,Bus_11,Sunny,23,2,8,4798,0,1.02,50,1,282
22/11/2024,18:00:00,Bus_13,Clear,23,10,0,5971,1,1.31,452,5,181
17/11/2024,19:00:00,Bus_18,Clear,12,3,5,7511,0,4.53,465,1,415
20/11/2024,11:00:00,Bus_2,Foggy,31,11,22,6426,0,1.31,178,2,282
10/11/2024,13:00:00,Bus_15,Rainy,31,11,18,3254,1,3.83,293,5,279
06/11/2024,20:00:00,Bus_18,Sunny,14,21,22,6823,0,4.68,46,5,30
15/11/2024,12:00:00,Bus_15,Clear,32,21,10,4876,1,2.08,170,5,266
22/11/2024,22:00:00,Bus_19,Cloudy,28,22,10,5757,1,2.48,271,3,328
11/11/2024,22:00:00,Bus_12,Clear,34,13,22,5624,1,3.28,417,3,492
28/11/2024,11:00:00,Bus_13,Cloudy,13,7,29,7995,0,4.53,336,3,217
05/11/2024,07:00:00,Bus_11,Sunny,28,23,12,7121,1,4.77,139,4,320
01/11/2024,22:00:00,Bus_5,Clear,20,17,10,6004,1,3.96,247,2,406
08/11/2024,14:00:00,Bus_1,Clear,9,30,17,7516,0,1.35,148,5,399
21/11/2024,11:00:00,Bus_3,Sunny,16,2,22,6734,0,3.68,230,5,379
28/11/2024,21:00:00,Bus_19,Clear,9,12,14,4244,0,2.64,280,3,105
12/11/2024,18:00:00,Bus_7,Cloudy,13,25,0,4008,0,2.88,125,5,184
12/11/2024,07:00:00,Bus_12,Clear,30,10,20,7314,1,1.2,192,5,330
05/11/2024,16:00:00,Bus_15,Rainy,14,18,24,4510,0,1.76,374,1,148
07/11/2024,17:00:00,Bus_5,Foggy,29,22,6,4959,0,4.16,80,5,105
04/11/2024,06:00:00,Bus_15,Cloudy,11,27,22,5508,0,2.82,94,4,47
06/11/2024,07:00:00,Bus_8,Rainy,23,11,26,7758,0,2.21,226,3,87
13/11/2024,09:00:00,Bus_10,Sunny,13,16,12,5682,1,2.54,65,2,309
20/11/2024,15:00:00,Bus_16,Cloudy,32,17,11,3989,0,4.42,88,2,437
30/11/2024,12:00:00,Bus_8,Foggy,22,19,17,7284,1,4,88,1,129
15/11/2024,16:00:00,Bus_1,Foggy,26,18,23,3254,0,2.09,201,2,258
03/11/2024,11:00:00,Bus_12,Sunny,24,3,18,7163,1,1.47,214,2,314
23/11/2024,19:00:00,Bus_5,Sunny,14,21,14,7711,1,2.01,204,3,147
08/11/2024,21:00:00,Bus_3,Cloudy,33,27,7,7969,0,4.68,401,3,446
20/11/2024,08:00:00,Bus_1,Clear,32,26,18,7452,1,3.33,382,4,462
16/11/2024,17:00:00,Bus_4,Sunny,22,16,9,3255,0,3.13,89,1,72
13/11/2024,22:00:00,Bus_8,Clear,35,6,6,4007,1,3.39,476,2,486
18/11/2024,05:00:00,Bus_3,Rainy,32,25,17,4755,1,2.46,61,4,140
28/11/2024,20:00:00,Bus_10,Foggy,16,12,15,5571,1,4.23,271,1,410
10/11/2024,17:00:00,Bus_2,Clear,15,11,19,6908,0,3.09,94,2,27
30/11/2024,14:00:00,Bus_11,Foggy,16,15,26,5997,1,1.47,307,2,29
19/11/2024,16:00:00,Bus_10,Clear,21,15,5,5803,0,1.52,27,3,271
17/11/2024,06:00:00,Bus_14,Rainy,14,16,26,6765,1,3.15,214,5,174
24/11/2024,07:00:00,Bus_7,Sunny,26,10,8,7379,1,4.75,74,1,253
19/11/2024,14:00:00,Bus_2,Rainy,10,12,20,6383,1,2.23,61,2,385
28/11/2024,06:00:00,Bus_9,Sunny,16,28,12,3098,1,4.48,186,1,60
26/11/2024,17:00:00,Bus_16,Sunny,19,13,24,3196,1,4.06,31,4,107
23/11/2024,17:00:00,Bus_13,Foggy,9,4,30,5529,1,1.99,219,4,220
26/11/2024,22:00:00,Bus_9,Rainy,30,7,20,3877,0,1.15,12,5,441
05/11/2024,07:00:00,Bus_4,Clear,14,22,25,4868,0,1.41,302,2,259
26/11/2024,11:00:00,Bus_10,Rainy,24,2,7,5665,0,3.91,415,3,371
21/11/2024,18:00:00,Bus_12,Foggy,35,26,15,4388,1,1.8,32,2,146
30/11/2024,21:00:00,Bus_17,Sunny,28,27,12,5415,0,2.49,160,1,52
23/11/2024,16:00:00,Bus_14,Foggy,20,27,12,3569,1,3.01,489,4,60
09/11/2024,20:00:00,Bus_14,Cloudy,19,27,16,5637,0,3.9,237,1,34
12/11/2024,16:00:00,Bus_2,Cloudy,35,15,22,4065,0,1.45,227,5,96
21/11/2024,19:00:00,Bus_11,Clear,18,8,19,3421,1,2.63,181,4,477
01/11/2024,14:00:00,Bus_16,Foggy,11,7,4,5883,1,2.94,317,3,89
26/11/2024,11:00:00,Bus_19,Clear,21,15,21,4204,0,3.16,46,4,316
26/11/2024,09:00:00,Bus_6,Clear,35,23,20,3544,0,4.27,341,2,410
01/11/2024,05:00:00,Bus_19,Cloudy,11,14,27,7166,0,1.69,458,2,231
15/11/2024,21:00:00,Bus_5,Clear,23,8,16,6639,0,4.23,80,4,456
02/11/2024,07:00:00,Bus_4,Cloudy,24,28,27,4223,1,3.77,135,5,275
30/11/2024,17:00:00,Bus_15,Sunny,21,12,8,6172,0,3.22,260,2,246
22/11/2024,18:00:00,Bus_4,Foggy,25,13,1,3767,1,3.8,475,2,111
16/11/2024,22:00:00,Bus_10,Clear,11,30,24,6657,1,2.65,308,3,234
25/11/2024,08:00:00,Bus_3,Cloudy,28,11,25,3654,0,1.55,247,4,278
08/11/2024,22:00:00,Bus_5,Rainy,19,17,17,5446,1,3.66,473,2,477
13/11/2024,09:00:00,Bus_6,Clear,35,29,8,3220,0,3.1,159,5,417
21/11/2024,20:00:00,Bus_8,Sunny,29,17,5,6666,1,3.56,203,1,166
01/11/2024,05:00:00,Bus_7,Sunny,27,24,10,7277,1,2.35,112,4,128
16/11/2024,18:00:00,Bus_10,Rainy,30,4,24,7402,0,4.63,468,3,237
29/11/2024,19:00:00,Bus_6,Cloudy,19,21,28,5569,1,3.35,292,2,494
07/11/2024,13:00:00,Bus_14,Clear,24,8,5,4013,1,1.34,438,5,291
05/11/2024,19:00:00,Bus_4,Cloudy,29,5,5,5051,0,2.8,310,4,107
22/11/2024,21:00:00,Bus_13,Sunny,11,26,12,6985,1,4.03,119,5,128
29/11/2024,08:00:00,Bus_17,Cloudy,30,16,10,7943,1,4.18,383,5,195
23/11/2024,16:00:00,Bus_7,Sunny,14,4,13,7899,0,2.98,17,3,339
03/11/2024,09:00:00,Bus_4,Cloudy,22,28,1,7310,0,4.58,493,4,394
12/11/2024,09:00:00,Bus_14,Rainy,32,22,7,6019,1,2.07,331,2,475
26/11/2024,15:00:00,Bus_3,Foggy,26,29,2,6681,1,2.64,414,3,143
16/11/2024,10:00:00,Bus_5,Rainy,25,15,22,4443,1,4.59,227,2,395
19/11/2024,11:00:00,Bus_16,Rainy,12,12,20,7196,0,4.59,361,1,111
05/11/2024,18:00:00,Bus_4,Foggy,31,5,2,6010,1,3.74,486,5,90
22/11/2024,15:00:00,Bus_2,Foggy,23,30,0,3572,1,4.44,406,1,251
25/11/2024,17:00:00,Bus_18,Clear,19,23,23,4332,1,1.36,117,5,280
29/11/2024,06:00:00,Bus_19,Clear,34,16,18,7753,1,4.46,43,3,333
14/11/2024,11:00:00,Bus_19,Rainy,11,14,17,7002,1,2.28,368,2,224
28/11/2024,08:00:00,Bus_17,Rainy,11,10,16,6134,1,1.71,115,2,101
05/11/2024,12:00:00,Bus_14,Sunny,24,7,19,7086,0,1.96,283,3,132
15/11/2024,17:00:00,Bus_19,Sunny,13,13,28,3225,0,2.67,37,4,13
17/11/2024,18:00:00,Bus_13,Clear,29,20,23,7200,1,2,302,1,457
30/11/2024,14:00:00,Bus_12,Clear,18,28,12,4997,1,2.28,113,1,441
14/11/2024,15:00:00,Bus_6,Sunny,27,29,2,3771,0,1.54,35,2,497
30/11/2024,06:00:00,Bus_4,Sunny,33,5,29,7524,0,2.18,132,2,98
20/11/2024,13:00:00,Bus_19,Cloudy,12,29,0,3433,0,3.29,336,2,120
05/11/2024,21:00:00,Bus_16,Cloudy,27,3,3,6099,1,2.77,336,3,293
12/11/2024,07:00:00,Bus_13,Sunny,19,15,24,5729,1,2.39,469,4,304
16/11/2024,10:00:00,Bus_4,Cloudy,10,4,12,6407,1,3.99,410,1,199
26/11/2024,09:00:00,Bus_17,Foggy,18,15,16,6140,1,4.57,377,5,1
26/11/2024,09:00:00,Bus_1,Clear,19,14,27,3865,0,4.03,228,3,60
16/11/2024,19:00:00,Bus_18,Clear,33,20,29,5793,0,2.33,147,1,250
21/11/2024,21:00:00,Bus_17,Sunny,28,19,10,5911,0,3.98,122,4,140
07/11/2024,13:00:00,Bus_15,Rainy,24,13,1,5415,0,1.61,81,3,149
04/11/2024,07:00:00,Bus_11,Sunny,27,10,24,3250,1,1.52,173,1,395
01/11/2024,21:00:00,Bus_13,Cloudy,31,21,15,7951,1,2.38,154,3,44
30/11/2024,14:00:00,Bus_1,Rainy,32,5,1,6757,0,4.23,150,1,371
30/11/2024,07:00:00,Bus_17,Cloudy,19,27,28,7656,0,1.99,375,1,186
05/11/2024,22:00:00,Bus_6,Foggy,22,23,18,3918,0,1.25,58,4,108
23/11/2024,22:00:00,Bus_4,Cloudy,10,20,22,4173,0,1.53,63,5,44
26/11/2024,21:00:00,Bus_16,Foggy,31,29,18,6203,0,4.43,156,4,78
10/11/2024,07:00:00,Bus_15,Foggy,13,20,24,3432,1,3.54,449,1,226
22/11/2024,07:00:00,Bus_15,Cloudy,35,25,15,3835,1,2.01,428,3,162
05/11/2024,10:00:00,Bus_6,Cloudy,13,6,21,5246,0,3.22,356,4,281
04/11/2024,17:00:00,Bus_15,Foggy,27,4,18,5262,0,3.11,427,5,253
02/11/2024,19:00:00,Bus_14,Rainy,29,2,8,3897,0,3.62,421,1,132
20/11/2024,13:00:00,Bus_11,Foggy,20,22,0,6632,1,1.93,322,4,448
10/11/2024,08:00:00,Bus_7,Clear,26,16,9,7567,1,4.46,401,4,372
26/11/2024,18:00:00,Bus_9,Foggy,12,18,18,6815,1,2.24,168,4,375
19/11/2024,09:00:00,Bus_16,Rainy,30,5,0,3246,0,3.78,166,4,474
26/11/2024,06:00:00,Bus_5,Clear,25,22,1,5429,1,1.06,85,3,144
01/11/2024,15:00:00,Bus_10,Sunny,18,4,15,3990,0,2.49,445,5,266
24/11/2024,13:00:00,Bus_18,Sunny,28,30,11,6310,1,2.41,137,5,109
05/11/2024,07:00:00,Bus_3,Rainy,14,13,7,3926,1,3.17,461,1,194
13/11/2024,13:00:00,Bus_13,Foggy,33,19,22,6438,1,1.29,459,2,35
04/11/2024,07:00:00,Bus_11,Cloudy,22,23,17,5607,0,4.16,189,3,467
16/11/2024,06:00:00,Bus_17,Rainy,19,2,1,4074,0,1.87,464,1,390
24/11/2024,16:00:00,Bus_13,Clear,19,13,24,7022,1,3.71,400,1,275
16/11/2024,14:00:00,Bus_6,Clear,26,11,28,6799,0,4.21,379,4,187
23/11/2024,13:00:00,Bus_17,Sunny,35,30,12,7784,0,3.25,2,2,437
02/11/2024,19:00:00,Bus_13,Clear,31,22,5,6151,0,3.96,106,2,500
17/11/2024,12:00:00,Bus_19,Rainy,30,29,20,6438,0,3.65,364,3,243
28/11/2024,09:00:00,Bus_19,Clear,26,4,25,7573,0,2.42,72,2,264
27/11/2024,15:00:00,Bus_10,Rainy,32,22,5,6491,0,4.24,427,1,462
20/11/2024,06:00:00,Bus_3,Cloudy,31,20,8,3706,0,2.18,126,2,10
24/11/2024,19:00:00,Bus_14,Sunny,19,20,15,6064,1,3.28,170,2,451
12/11/2024,10:00:00,Bus_19,Clear,29,15,10,3753,0,3.98,205,5,166
18/11/2024,12:00:00,Bus_5,Rainy,20,4,6,3587,0,2.52,313,1,29
03/11/2024,09:00:00,Bus_5,Foggy,13,9,30,4334,1,2.21,337,2,271
28/11/2024,20:00:00,Bus_17,Sunny,31,7,9,4847,1,2.84,487,2,87
01/11/2024,22:00:00,Bus_10,Cloudy,17,19,9,6934,1,4.27,472,4,23
01/11/2024,10:00:00,Bus_5,Rainy,35,19,29,6926,1,4.72,195,2,210
29/11/2024,09:00:00,Bus_4,Cloudy,33,6,24,6317,0,3.18,158,2,46
19/11/2024,20:00:00,Bus_6,Cloudy,17,6,19,7020,1,3.65,500,5,467
11/11/2024,17:00:00,Bus_4,Clear,30,20,17,6155,1,4.61,141,1,28
05/11/2024,09:00:00,Bus_7,Clear,18,15,27,7302,0,1.39,275,3,26
12/11/2024,17:00:00,Bus_7,Rainy,30,15,23,5198,0,1.93,7,1,266
03/11/2024,21:00:00,Bus_18,Foggy,27,25,19,3164,0,3.84,393,4,175
01/11/2024,22:00:00,Bus_3,Rainy,9,20,28,4998,1,4.29,467,1,4
01/11/2024,12:00:00,Bus_1,Foggy,15,9,8,6057,0,4.43,493,2,311
08/11/2024,17:00:00,Bus_4,Cloudy,12,4,30,5084,1,2.66,54,4,322
10/11/2024,07:00:00,Bus_6,Sunny,9,18,14,7428,0,1.36,104,1,67
11/11/2024,12:00:00,Bus_9,Rainy,23,18,3,3402,0,2.75,342,4,135
12/11/2024,06:00:00,Bus_14,Rainy,16,5,30,3413,1,1.92,338,3,55
29/11/2024,12:00:00,Bus_12,Foggy,20,20,7,3044,0,2.16,61,1,464
13/11/2024,17:00:00,Bus_4,Cloudy,30,23,8,7157,0,4.09,87,2,31
12/11/2024,17:00:00,Bus_12,Cloudy,30,30,12,5467,0,1.3,258,4,74
14/11/2024,05:00:00,Bus_10,Foggy,26,11,8,3867,0,4.31,178,5,19
02/11/2024,10:00:00,Bus_7,Cloudy,23,5,25,3018,0,2.71,242,4,156
29/11/2024,20:00:00,Bus_3,Clear,25,22,3,3364,1,3.38,203,5,337
19/11/2024,12:00:00,Bus_14,Sunny,22,26,16,6832,1,1.36,31,2,156
18/11/2024,05:00:00,Bus_10,Rainy,22,4,15,3579,0,2.35,289,3,147
03/11/2024,20:00:00,Bus_16,Sunny,26,29,14,3545,1,1.36,462,5,485
23/11/2024,13:00:00,Bus_16,Rainy,28,12,2,7150,1,4.85,80,3,87
17/11/2024,17:00:00,Bus_10,Clear,26,2,24,7873,1,4.23,11,4,20
26/11/2024,15:00:00,Bus_13,Cloudy,24,13,19,6039,0,2.84,417,2,269
08/11/2024,17:00:00,Bus_6,Foggy,9,10,4,7137,0,1.89,254,5,333
29/11/2024,14:00:00,Bus_12,Clear,31,9,22,7044,0,4.73,384,4,43
26/11/2024,08:00:00,Bus_9,Sunny,35,10,4,7326,1,2.38,391,1,395
10/11/2024,10:00:00,Bus_13,Foggy,19,7,19,3452,1,1.64,384,4,432
26/11/2024,11:00:00,Bus_4,Cloudy,23,4,14,6961,0,3.25,287,3,399
30/11/2024,09:00:00,Bus_11,Clear,20,19,17,4381,0,4.78,176,2,401
02/11/2024,15:00:00,Bus_18,Foggy,16,10,14,4467,1,1.02,126,2,438
19/11/2024,17:00:00,Bus_11,Clear,30,30,1,5738,1,1.95,494,4,306
09/11/2024,14:00:00,Bus_4,Clear,28,3,28,4216,0,4.75,47,1,28
07/11/2024,14:00:00,Bus_18,Cloudy,14,25,12,3880,1,1.68,206,3,467
04/11/2024,15:00:00,Bus_1,Rainy,11,21,3,6814,1,1.45,476,4,260
26/11/2024,11:00:00,Bus_7,Foggy,32,29,9,6149,1,3.28,437,4,22
21/11/2024,22:00:00,Bus_6,Cloudy,34,19,12,3084,1,4.45,107,2,470
18/11/2024,08:00:00,Bus_15,Clear,21,21,9,7144,1,2.91,464,3,375
13/11/2024,06:00:00,Bus_18,Cloudy,21,2,28,4168,1,4.98,275,1,101
11/11/2024,18:00:00,Bus_11,Rainy,10,27,30,7164,1,3.72,337,2,39
29/11/2024,17:00:00,Bus_15,Foggy,13,20,8,6129,0,1.3,123,4,290
24/11/2024,16:00:00,Bus_16,Rainy,25,10,7,6645,0,4.97,474,2,353
04/11/2024,11:00:00,Bus_7,Sunny,14,2,2,5526,1,2.63,134,2,300
25/11/2024,06:00:00,Bus_10,Foggy,10,2,15,5867,1,2.15,107,5,170
21/11/2024,17:00:00,Bus_12,Rainy,12,28,30,6516,1,3.23,305,2,296
29/11/2024,18:00:00,Bus_14,Clear,30,24,13,6367,0,2.22,329,2,353
25/11/2024,21:00:00,Bus_5,Foggy,34,17,8,5194,0,1.35,50,3,396
04/11/2024,13:00:00,Bus_18,Foggy,19,16,29,6555,1,1.01,337,2,130
10/11/2024,21:00:00,Bus_5,Cloudy,16,16,20,3445,0,2.8,95,1,156
05/11/2024,12:00:00,Bus_3,Clear,20,14,10,6626,1,4.35,268,4,74
09/11/2024,06:00:00,Bus_5,Sunny,16,7,2,7016,1,3.29,23,3,342
24/11/2024,17:00:00,Bus_17,Rainy,19,21,4,6875,1,5,54,2,465
03/11/2024,07:00:00,Bus_19,Cloudy,30,11,28,6337,1,2.15,374,1,90
17/11/2024,20:00:00,Bus_19,Rainy,28,24,9,3261,1,2.12,254,4,67
03/11/2024,10:00:00,Bus_12,Sunny,16,1,12,4848,1,1.64,453,3,455
16/11/2024,11:00:00,Bus_9,Sunny,16,11,3,7992,1,1.66,235,1,236
04/11/2024,14:00:00,Bus_1,Foggy,34,23,23,7025,0,2.14,484,2,200
18/11/2024,13:00:00,Bus_18,Sunny,25,21,12,5266,1,4.17,59,5,468
17/11/2024,06:00:00,Bus_4,Rainy,28,4,11,3091,0,4.62,164,5,332
07/11/2024,19:00:00,Bus_10,Clear,28,7,4,7222,1,4.9,259,3,227
24/11/2024,09:00:00,Bus_7,Clear,31,26,9,7175,1,1.93,314,1,465
23/11/2024,08:00:00,Bus_1,Foggy,24,15,27,6309,0,4.53,216,4,348
30/11/2024,08:00:00,Bus_17,Rainy,22,18,23,3982,0,2.31,183,1,233
05/11/2024,22:00:00,Bus_2,Rainy,19,12,8,6443,1,1.45,57,5,266
12/11/2024,08:00:00,Bus_11,Sunny,15,17,19,5533,0,4.48,145,3,86
17/11/2024,21:00:00,Bus_9,Rainy,24,1,6,3693,1,3.54,423,2,102
23/11/2024,16:00:00,Bus_7,Cloudy,21,11,1,7120,1,1.66,90,1,441
13/11/2024,21:00:00,Bus_17,Sunny,35,28,21,3155,0,2.72,452,5,481
23/11/2024,14:00:00,Bus_17,Cloudy,23,1,23,6588,0,2.15,311,4,214
25/11/2024,05:00:00,Bus_2,Foggy,32,15,27,4812,0,3.95,45,3,108
03/11/2024,22:00:00,Bus_6,Clear,24,28,22,7114,0,2.81,460,2,165
09/11/2024,22:00:00,Bus_14,Foggy,35,21,6,4407,1,4.96,257,1,461
30/11/2024,18:00:00,Bus_6,Clear,29,10,7,4216,0,1.22,21,4,91
17/11/2024,19:00:00,Bus_2,Foggy,31,7,6,4410,0,2.42,467,2,192
17/11/2024,16:00:00,Bus_1,Rainy,32,2,20,6497,0,2.93,21,5,335
30/11/2024,08:00:00,Bus_10,Cloudy,17,10,22,7372,0,3.01,52,5,86
20/11/2024,07:00:00,Bus_5,Clear,11,24,28,7840,0,2.26,338,4,222
16/11/2024,16:00:00,Bus_2,Sunny,27,4,13,3551,1,3.92,171,5,363
25/11/2024,11:00:00,Bus_16,Cloudy,28,12,25,6394,1,4.5,436,3,424
22/11/2024,15:00:00,Bus_2,Sunny,13,19,18,4176,0,4.75,67,4,101
13/11/2024,05:00:00,Bus_10,Cloudy,18,26,4,7734,0,4.22,113,5,226
27/11/2024,10:00:00,Bus_2,Cloudy,25,11,22,7332,1,4.4,300,1,364
19/11/2024,19:00:00,Bus_16,Foggy,23,8,30,3997,0,3.2,160,5,60
17/11/2024,19:00:00,Bus_16,Clear,31,18,24,7076,1,4.3,266,3,482
04/11/2024,15:00:00,Bus_19,Clear,33,11,30,5731,1,2.21,320,2,250
12/11/2024,06:00:00,Bus_7,Cloudy,16,11,17,6937,0,2.59,232,2,48
29/11/2024,18:00:00,Bus_12,Rainy,23,13,19,7052,1,2.27,463,5,117
09/11/2024,06:00:00,Bus_15,Rainy,29,3,11,3372,0,2.87,325,2,227
19/11/2024,08:00:00,Bus_8,Sunny,22,12,22,5248,0,2.14,68,5,362
12/11/2024,21:00:00,Bus_6,Sunny,28,3,16,3848,1,4.85,28,3,403
09/11/2024,07:00:00,Bus_10,Foggy,15,10,12,5556,1,2.25,437,2,456
07/11/2024,17:00:00,Bus_3,Cloudy,29,27,1,5322,0,1.39,116,1,487
28/11/2024,13:00:00,Bus_19,Sunny,31,17,24,3503,1,3.11,51,5,33
14/11/2024,11:00:00,Bus_17,Sunny,20,22,12,6189,0,1.23,181,2,44
20/11/2024,19:00:00,Bus_7,Cloudy,25,2,25,3702,1,1.44,260,3,476
19/11/2024,15:00:00,Bus_4,Foggy,25,17,6,6625,1,1.88,79,3,165
26/11/2024,06:00:00,Bus_14,Sunny,18,16,27,3314,0,2.86,273,1,368
15/11/2024,19:00:00,Bus_15,Foggy,27,2,9,5376,0,2.73,108,3,345
16/11/2024,18:00:00,Bus_8,Clear,22,28,22,4040,0,4.2,451,3,292
21/11/2024,15:00:00,Bus_15,Foggy,19,22,5,7378,1,3.96,74,2,337
05/11/2024,07:00:00,Bus_14,Rainy,10,30,2,5990,0,2.71,175,5,344
03/11/2024,21:00:00,Bus_9,Rainy,26,20,25,3257,0,2.33,490,4,405
12/11/2024,16:00:00,Bus_8,Foggy,15,6,2,3574,1,2.27,184,3,386
25/11/2024,19:00:00,Bus_17,Rainy,20,28,17,7669,1,4.1,23,3,287
20/11/2024,20:00:00,Bus_2,Clear,34,25,10,4552,0,1.21,274,4,364
27/11/2024,09:00:00,Bus_3,Cloudy,10,29,21,7518,0,1.05,129,3,225
21/11/2024,10:00:00,Bus_8,Rainy,35,10,19,3757,0,4.18,291,2,286
04/11/2024,09:00:00,Bus_12,Rainy,28,28,4,5810,0,2.91,320,2,204
21/11/2024,07:00:00,Bus_1,Foggy,26,10,18,4104,1,1.52,186,4,172
23/11/2024,05:00:00,Bus_10,Clear,14,8,21,7524,1,1.94,479,3,12
16/11/2024,10:00:00,Bus_3,Cloudy,32,1,26,6459,0,4.73,59,3,307
25/11/2024,19:00:00,Bus_6,Foggy,18,13,27,6992,0,4.44,492,5,121
07/11/2024,06:00:00,Bus_7,Foggy,28,24,18,3203,0,3.84,1,3,433
13/11/2024,07:00:00,Bus_18,Clear,23,9,29,5775,1,2.93,131,2,244
21/11/2024,21:00:00,Bus_11,Cloudy,13,22,14,5332,0,3.08,67,1,152
10/11/2024,16:00:00,Bus_19,Clear,28,10,29,4992,0,4.9,293,1,152
26/11/2024,22:00:00,Bus_5,Cloudy,11,15,15,5243,1,4.86,467,1,188
07/11/2024,19:00:00,Bus_19,Clear,13,5,23,3306,1,1.86,285,1,395
14/11/2024,16:00:00,Bus_11,Foggy,33,22,8,4687,0,4.24,89,3,13
26/11/2024,20:00:00,Bus_12,Foggy,16,16,3,7109,0,1.79,417,3,91
05/11/2024,12:00:00,Bus_10,Sunny,16,13,14,4860,1,1.85,100,5,200
03/11/2024,18:00:00,Bus_8,Rainy,16,22,24,4961,0,3.7,189,3,74
23/11/2024,21:00:00,Bus_9,Clear,20,25,11,3722,0,2.62,477,1,256
29/11/2024,12:00:00,Bus_4,Sunny,32,20,22,3779,1,4.73,378,4,456
11/11/2024,19:00:00,Bus_5,Rainy,31,18,2,3528,1,1.36,346,4,448
11/11/2024,18:00:00,Bus_8,Clear,16,11,22,7893,1,3.05,388,2,276
18/11/2024,22:00:00,Bus_9,Cloudy,19,27,13,3343,0,4.67,241,2,328
15/11/2024,11:00:00,Bus_15,Rainy,22,9,16,6786,1,4.62,270,3,329
12/11/2024,07:00:00,Bus_15,Foggy,16,16,18,6682,1,1.63,498,4,71
09/11/2024,16:00:00,Bus_16,Sunny,32,2,5,3208,0,2.47,219,1,78
10/11/2024,07:00:00,Bus_14,Rainy,18,26,3,7736,0,3.48,417,1,284
26/11/2024,18:00:00,Bus_8,Rainy,15,25,6,6406,1,1.64,406,1,130
12/11/2024,19:00:00,Bus_18,Foggy,25,2,29,4311,1,4.87,176,3,377
17/11/2024,18:00:00,Bus_10,Clear,12,12,18,5299,0,4.66,387,3,43
29/11/2024,11:00:00,Bus_6,Cloudy,21,8,16,6336,0,1.67,471,5,8
06/11/2024,21:00:00,Bus_12,Foggy,12,9,24,4947,1,1.48,341,1,13
07/11/2024,16:00:00,Bus_2,Cloudy,13,12,15,3919,1,1.34,233,1,213
14/11/2024,08:00:00,Bus_7,Clear,34,26,14,5044,0,4.64,151,3,111
13/11/2024,13:00:00,Bus_16,Rainy,30,9,21,3418,1,1.77,452,3,476
08/11/2024,10:00:00,Bus_3,Cloudy,12,10,7,4749,0,2.67,277,5,291
10/11/2024,20:00:00,Bus_13,Sunny,26,25,18,5842,1,2.8,229,5,23
09/11/2024,06:00:00,Bus_3,Sunny,14,2,7,4099,0,3.4,171,2,302
18/11/2024,12:00:00,Bus_18,Foggy,32,16,17,6392,0,1.29,223,4,254
27/11/2024,15:00:00,Bus_11,Clear,32,20,27,5772,1,1.91,213,1,15
26/11/2024,17:00:00,Bus_8,Foggy,31,7,15,5480,1,4.73,282,1,130
02/11/2024,21:00:00,Bus_6,Foggy,30,28,19,4545,0,4.63,41,5,61
05/11/2024,12:00:00,Bus_1,Foggy,10,2,18,4070,1,4.13,122,5,115
29/11/2024,22:00:00,Bus_1,Sunny,31,1,9,4850,1,1.08,227,2,460
05/11/2024,22:00:00,Bus_8,Sunny,19,19,16,7198,1,2.31,294,4,320
06/11/2024,18:00:00,Bus_5,Foggy,22,28,30,5939,0,3.51,88,2,308
19/11/2024,19:00:00,Bus_16,Sunny,13,4,12,4903,1,2.1,267,4,420
08/11/2024,10:00:00,Bus_11,Clear,14,24,12,3678,1,4.64,489,1,451
16/11/2024,15:00:00,Bus_5,Foggy,18,22,6,3988,0,3.54,29,2,325
13/11/2024,17:00:00,Bus_4,Sunny,16,27,26,5475,1,1.29,495,5,67
01/11/2024,05:00:00,Bus_6,Cloudy,22,2,9,4607,1,4.64,247,2,249
22/11/2024,10:00:00,Bus_14,Foggy,32,25,1,5869,0,4.83,316,2,175
20/11/2024,13:00:00,Bus_19,Foggy,11,14,3,4502,0,1.31,451,1,339
17/11/2024,12:00:00,Bus_9,Clear,20,2,24,4789,1,3.13,449,5,2
07/11/2024,15:00:00,Bus_12,Rainy,24,29,5,4425,1,2.21,244,5,172
25/11/2024,13:00:00,Bus_11,Rainy,31,15,23,5440,0,2.57,61,3,485
13/11/2024,21:00:00,Bus_14,Clear,25,12,17,5042,0,1.72,147,3,448
04/11/2024,16:00:00,Bus_16,Clear,9,5,22,4278,1,3.31,174,3,465
04/11/2024,18:00:00,Bus_1,Clear,31,28,5,5594,1,4.83,433,1,334
06/11/2024,19:00:00,Bus_13,Rainy,18,20,28,7689,1,3.01,278,2,284
28/11/2024,20:00:00,Bus_13,Clear,33,29,29,5436,0,1.33,334,5,475
19/11/2024,05:00:00,Bus_2,Sunny,31,7,24,6803,1,3.48,369,5,54
29/11/2024,14:00:00,Bus_4,Foggy,18,24,22,5205,0,2.36,441,2,458
12/11/2024,12:00:00,Bus_6,Foggy,29,21,16,4027,0,4.42,379,5,67
22/11/2024,22:00:00,Bus_5,Cloudy,32,10,13,6539,0,2.74,142,2,420
07/11/2024,05:00:00,Bus_3,Cloudy,10,14,23,6483,1,1.77,44,1,102
27/11/2024,06:00:00,Bus_1,Foggy,17,14,10,5241,1,1.76,144,1,120
10/11/2024,05:00:00,Bus_4,Sunny,30,5,25,5765,1,4.08,353,1,191
26/11/2024,05:00:00,Bus_2,Rainy,21,18,30,4173,0,2.06,333,2,409
19/11/2024,13:00:00,Bus_5,Rainy,33,24,18,6230,1,4.07,486,2,470
07/11/2024,17:00:00,Bus_3,Sunny,24,14,29,6350,0,1.82,497,4,304
30/11/2024,05:00:00,Bus_9,Rainy,26,2,1,7911,0,2.29,396,5,423
03/11/2024,17:00:00,Bus_6,Clear,27,26,27,3403,0,2.86,55,5,47
13/11/2024,11:00:00,Bus_18,Foggy,20,12,2,7988,0,4.77,307,4,222
13/11/2024,06:00:00,Bus_6,Foggy,16,22,10,5725,0,4.73,358,4,21
18/11/2024,10:00:00,Bus_19,Sunny,25,24,5,6382,0,1.83,423,1,158
28/11/2024,11:00:00,Bus_12,Rainy,23,6,28,7163,1,2.43,417,4,348
30/11/2024,18:00:00,Bus_11,Cloudy,18,4,13,3087,0,1.6,161,2,159
26/11/2024,22:00:00,Bus_2,Cloudy,23,13,18,4158,1,3.04,285,3,377
20/11/2024,19:00:00,Bus_15,Rainy,23,4,25,7273,0,2.84,325,2,372
28/11/2024,06:00:00,Bus_12,Cloudy,31,22,15,5857,1,4.6,198,4,410
08/11/2024,14:00:00,Bus_12,Sunny,15,14,20,4381,1,4.72,159,5,235
29/11/2024,16:00:00,Bus_9,Sunny,21,16,21,7681,1,2.53,80,2,150
09/11/2024,21:00:00,Bus_2,Rainy,25,29,23,5064,1,2.97,31,5,405
07/11/2024,12:00:00,Bus_3,Cloudy,17,4,6,5374,0,4.58,473,2,257
01/11/2024,15:00:00,Bus_12,Sunny,16,24,29,3317,0,4.23,112,5,165
03/11/2024,07:00:00,Bus_16,Sunny,28,25,26,4502,0,1.01,46,2,77
13/11/2024,10:00:00,Bus_1,Clear,34,1,7,5042,0,2.28,353,5,85
28/11/2024,13:00:00,Bus_3,Clear,35,13,18,7598,1,2.69,205,3,46
30/11/2024,10:00:00,Bus_2,Sunny,29,4,19,5022,1,1.92,52,1,393
25/11/2024,13:00:00,Bus_9,Rainy,26,20,15,3118,1,1.8,138,2,401
28/11/2024,11:00:00,Bus_19,Foggy,21,18,21,3709,0,1.15,472,3,47
17/11/2024,13:00:00,Bus_15,Foggy,24,6,26,6557,1,3.57,74,1,213
25/11/2024,22:00:00,Bus_18,Sunny,17,3,6,7140,0,2.05,41,2,479
24/11/2024,16:00:00,Bus_11,Sunny,20,23,8,7409,1,1.21,479,3,487
01/11/2024,12:00:00,Bus_16,Sunny,20,13,12,6250,1,1.92,77,3,59
06/11/2024,12:00:00,Bus_17,Rainy,14,27,0,3417,1,4.21,387,3,54
21/11/2024,22:00:00,Bus_5,Clear,27,16,28,5603,1,4.41,187,4,342
06/11/2024,19:00:00,Bus_12,Sunny,15,27,30,6854,1,2.93,370,5,12
26/11/2024,11:00:00,Bus_11,Sunny,33,5,7,4101,0,2.66,52,1,192
12/11/2024,15:00:00,Bus_15,Cloudy,11,4,23,7421,1,4.91,418,5,6
13/11/2024,20:00:00,Bus_3,Rainy,24,21,21,6428,0,1.8,433,5,309
13/11/2024,08:00:00,Bus_1,Sunny,26,8,3,5261,0,1.86,412,5,144
29/11/2024,10:00:00,Bus_16,Cloudy,24,19,2,7169,0,2.17,467,3,346
15/11/2024,07:00:00,Bus_2,Foggy,31,14,26,6634,0,1.69,87,5,261
21/11/2024,13:00:00,Bus_2,Sunny,15,7,2,3508,0,2.52,109,4,73
16/11/2024,14:00:00,Bus_3,Sunny,12,14,21,5379,0,4.64,480,2,174
22/11/2024,18:00:00,Bus_8,Cloudy,35,6,12,6164,0,3.46,397,3,232
21/11/2024,15:00:00,Bus_15,Rainy,33,12,7,3687,0,2.65,225,1,270
11/11/2024,22:00:00,Bus_7,Sunny,16,16,6,7752,1,4.74,482,2,428
28/11/2024,16:00:00,Bus_6,Foggy,21,17,26,4292,1,1.19,481,2,447
05/11/2024,16:00:00,Bus_9,Sunny,21,13,0,6905,0,1.84,248,2,362
04/11/2024,17:00:00,Bus_1,Foggy,25,23,26,6075,0,3.26,69,5,222
03/11/2024,17:00:00,Bus_8,Clear,25,14,15,6209,0,3.46,120,5,52
19/11/2024,18:00:00,Bus_3,Clear,13,29,5,3324,1,1.16,67,3,116
20/11/2024,08:00:00,Bus_4,Foggy,14,7,6,4993,1,2.61,61,5,26
25/11/2024,17:00:00,Bus_15,Rainy,27,14,11,6976,0,3.6,444,5,53
18/11/2024,12:00:00,Bus_6,Sunny,21,15,22,7812,0,3.79,327,5,365
15/11/2024,16:00:00,Bus_15,Sunny,33,12,8,5770,1,3.55,408,3,29
09/11/2024,22:00:00,Bus_3,Clear,34,17,26,7372,1,2.28,191,3,19
17/11/2024,10:00:00,Bus_14,Foggy,22,9,10,5583,0,1.37,470,4,303
14/11/2024,22:00:00,Bus_14,Sunny,30,22,9,6557,0,2.71,493,4,392
15/11/2024,09:00:00,Bus_4,Sunny,12,15,20,6587,0,1.52,189,4,279
01/11/2024,13:00:00,Bus_12,Rainy,15,12,0,3151,0,4.79,151,4,117
21/11/2024,07:00:00,Bus_17,Cloudy,16,2,17,3954,1,2.9,286,2,106
22/11/2024,14:00:00,Bus_7,Clear,33,5,30,7354,1,2.27,444,2,419
22/11/2024,07:00:00,Bus_9,Clear,21,13,3,5371,0,4.07,402,4,479
03/11/2024,19:00:00,Bus_3,Cloudy,35,27,4,7964,0,2.99,96,4,309
16/11/2024,05:00:00,Bus_13,Sunny,14,20,8,4191,0,2.24,312,1,227
23/11/2024,11:00:00,Bus_15,Rainy,14,23,26,3687,1,4.25,309,2,352
25/11/2024,16:00:00,Bus_18,Rainy,32,8,30,3309,0,4.47,263,1,186
11/11/2024,21:00:00,Bus_19,Clear,29,27,16,4502,0,3.69,97,1,261
12/11/2024,09:00:00,Bus_1,Rainy,11,14,2,6127,0,1.19,453,5,16
10/11/2024,08:00:00,Bus_6,Cloudy,11,15,15,7568,1,3.27,113,3,273
16/11/2024,16:00:00,Bus_2,Sunny,21,11,4,6367,0,4.05,476,2,160
08/11/2024,22:00:00,Bus_14,Cloudy,30,1,15,6395,1,1.55,125,4,358
06/11/2024,21:00:00,Bus_6,Foggy,10,21,2,3813,0,1.91,456,4,250
12/11/2024,13:00:00,Bus_14,Clear,24,3,19,3845,0,4.53,463,3,224
24/11/2024,08:00:00,Bus_4,Rainy,30,17,14,4164,0,1.08,436,2,256
28/11/2024,06:00:00,Bus_8,Foggy,14,28,29,7762,1,4.01,132,4,180
21/11/2024,08:00:00,Bus_3,Rainy,16,19,2,4767,0,2.9,418,4,20
08/11/2024,06:00:00,Bus_19,Sunny,31,14,19,3354,0,2.79,453,5,112
26/11/2024,19:00:00,Bus_14,Sunny,16,22,13,4872,1,1.03,417,1,120
28/11/2024,06:00:00,Bus_17,Sunny,33,30,30,5024,1,4.28,121,4,194
04/11/2024,08:00:00,Bus_8,Rainy,14,23,15,5817,1,2.44,197,2,468
26/11/2024,10:00:00,Bus_14,Foggy,22,8,28,6832,0,3.16,294,3,111
08/11/2024,11:00:00,Bus_6,Sunny,11,13,28,7275,1,3.71,482,5,210
26/11/2024,14:00:00,Bus_16,Foggy,18,27,30,3065,0,3.81,122,2,1
28/11/2024,16:00:00,Bus_19,Rainy,11,20,30,7915,1,4.82,282,5,58
18/11/2024,07:00:00,Bus_14,Foggy,35,3,16,7266,1,3.13,385,1,93
28/11/2024,17:00:00,Bus_19,Rainy,20,5,27,7090,1,2.6,260,4,221
28/11/2024,22:00:00,Bus_3,Rainy,25,9,23,5521,0,4.81,39,2,211
05/11/2024,12:00:00,Bus_10,Clear,35,29,19,5581,0,3.57,54,3,428
09/11/2024,19:00:00,Bus_19,Rainy,13,6,22,4390,0,2.19,474,1,232
04/11/2024,05:00:00,Bus_9,Rainy,28,25,17,4130,0,1.51,161,1,262
27/11/2024,07:00:00,Bus_13,Cloudy,33,22,17,5486,0,4.37,289,5,364
22/11/2024,12:00:00,Bus_7,Sunny,17,2,21,3834,0,2.45,200,1,103
17/11/2024,08:00:00,Bus_14,Clear,29,13,13,3226,0,3.64,276,2,50
09/11/2024,20:00:00,Bus_9,Clear,34,5,17,6515,0,2.88,16,5,374
01/11/2024,14:00:00,Bus_19,Clear,28,28,14,7537,0,1.8,405,1,110
21/11/2024,16:00:00,Bus_15,Cloudy,15,27,14,5443,1,3.41,173,3,456
20/11/2024,18:00:00,Bus_14,Rainy,30,25,5,3727,1,1.24,248,2,88
13/11/2024,18:00:00,Bus_6,Sunny,12,8,26,6686,0,2.65,383,3,20
28/11/2024,06:00:00,Bus_4,Foggy,21,23,14,6622,0,3.19,218,3,14
16/11/2024,09:00:00,Bus_8,Rainy,21,1,17,4036,0,2.74,87,5,133
29/11/2024,09:00:00,Bus_17,Cloudy,18,20,3,4832,0,3.99,82,4,425
13/11/2024,10:00:00,Bus_9,Rainy,26,12,22,5740,1,4.31,62,5,296
14/11/2024,17:00:00,Bus_1,Rainy,25,23,7,3492,1,4.08,287,2,34
03/11/2024,13:00:00,Bus_14,Cloudy,28,11,14,4548,0,1.16,500,2,380
29/11/2024,19:00:00,Bus_11,Clear,28,7,2,4143,1,1.78,42,5,208
06/11/2024,18:00:00,Bus_3,Clear,21,15,29,6957,1,3.15,12,4,301
18/11/2024,11:00:00,Bus_9,Sunny,25,22,14,6407,0,4.74,321,5,199
19/11/2024,06:00:00,Bus_14,Sunny,30,24,12,3639,0,4.34,234,2,80
05/11/2024,11:00:00,Bus_9,Clear,12,11,8,3172,0,4.37,329,4,71
15/11/2024,10:00:00,Bus_4,Foggy,9,29,1,7354,0,2.21,131,2,155
25/11/2024,21:00:00,Bus_4,Rainy,9,22,23,6959,1,2.72,115,4,78
02/11/2024,06:00:00,Bus_8,Foggy,23,26,7,3516,0,2.88,218,4,78
10/11/2024,07:00:00,Bus_2,Rainy,21,16,28,3522,1,1.63,137,5,172
24/11/2024,09:00:00,Bus_9,Clear,25,3,29,4917,0,1.12,106,5,289
30/11/2024,09:00:00,Bus_14,Sunny,32,20,19,5886,1,4.79,179,5,33
18/11/2024,05:00:00,Bus_9,Sunny,34,14,16,5164,0,1.96,16,4,300
27/11/2024,12:00:00,Bus_16,Foggy,16,3,12,4929,0,1.96,472,4,276
13/11/2024,16:00:00,Bus_17,Sunny,26,1,0,6945,1,1.33,242,2,367
05/11/2024,08:00:00,Bus_16,Clear,35,26,1,5209,1,4.71,334,3,420
23/11/2024,17:00:00,Bus_12,Foggy,21,21,29,6783,1,3.32,381,5,7
24/11/2024,19:00:00,Bus_3,Rainy,31,15,14,5590,0,3.67,387,2,160
01/11/2024,15:00:00,Bus_11,Sunny,22,1,11,7934,1,4.65,226,2,240
22/11/2024,14:00:00,Bus_14,Cloudy,16,17,13,7076,1,2.38,481,1,451
01/11/2024,07:00:00,Bus_18,Sunny,16,2,24,4093,1,3.49,242,5,423
18/11/2024,18:00:00,Bus_5,Rainy,35,29,28,6880,1,1.16,408,2,477
15/11/2024,20:00:00,Bus_16,Foggy,34,20,1,5494,1,1.75,457,1,24
17/11/2024,14:00:00,Bus_5,Rainy,23,6,17,5579,1,4.32,141,5,214
11/11/2024,14:00:00,Bus_3,Cloudy,35,8,21,5488,1,4.07,386,4,70
21/11/2024,16:00:00,Bus_12,Clear,21,29,6,5785,1,2.4,199,1,368
26/11/2024,13:00:00,Bus_1,Sunny,15,16,28,5758,1,2.51,112,4,216
25/11/2024,05:00:00,Bus_9,Foggy,13,19,22,4574,0,3.13,127,3,104
22/11/2024,09:00:00,Bus_9,Clear,25,1,30,5373,0,1,21,3,215
27/11/2024,12:00:00,Bus_4,Rainy,33,3,28,6990,1,1.96,147,3,54
27/11/2024,15:00:00,Bus_3,Foggy,24,28,24,7845,0,1.83,89,3,294
17/11/2024,16:00:00,Bus_17,Clear,31,3,5,4093,0,2,303,2,330
13/11/2024,05:00:00,Bus_2,Foggy,10,5,13,4189,1,4.22,406,3,336
01/11/2024,15:00:00,Bus_1,Cloudy,30,27,7,5689,1,2.12,203,2,203
02/11/2024,09:00:00,Bus_8,Cloudy,26,12,26,7095,1,1.77,417,2,288
09/11/2024,19:00:00,Bus_13,Sunny,25,12,21,4875,1,3.02,416,5,45
03/11/2024,09:00:00,Bus_15,Sunny,15,20,1,6406,1,4.46,448,2,317
01/11/2024,16:00:00,Bus_8,Cloudy,21,13,16,4787,1,1.97,85,2,198
21/11/2024,09:00:00,Bus_12,Foggy,26,20,4,6932,0,1.31,167,3,216
16/11/2024,21:00:00,Bus_12,Cloudy,22,9,13,4607,1,2.43,384,2,481
23/11/2024,21:00:00,Bus_14,Sunny,26,7,24,6748,0,3.99,468,4,309
06/11/2024,16:00:00,Bus_15,Cloudy,21,4,23,3048,1,3.2,72,3,384
28/11/2024,19:00:00,Bus_15,Cloudy,19,19,29,6861,1,4.27,298,1,435
17/11/2024,19:00:00,Bus_9,Foggy,29,22,28,5180,0,4.84,485,3,332
05/11/2024,10:00:00,Bus_19,Clear,29,19,19,6046,1,4.17,9,2,184
05/11/2024,16:00:00,Bus_8,Sunny,24,6,20,5833,1,3.42,281,4,27
06/11/2024,22:00:00,Bus_19,Foggy,31,27,28,4397,0,2.97,473,3,166
03/11/2024,18:00:00,Bus_6,Cloudy,25,13,20,6826,1,1.16,481,4,318
21/11/2024,06:00:00,Bus_19,Cloudy,16,11,21,7574,0,4.94,258,1,274
23/11/2024,13:00:00,Bus_4,Clear,27,13,2,3831,1,2.53,275,1,383
05/11/2024,09:00:00,Bus_7,Sunny,28,13,4,5697,1,1.61,238,5,365
21/11/2024,05:00:00,Bus_4,Sunny,23,28,15,7777,0,3.67,20,5,103
05/11/2024,07:00:00,Bus_12,Rainy,17,25,17,5735,1,2.14,490,3,448
10/11/2024,10:00:00,Bus_13,Sunny,28,22,25,3081,0,3.34,233,5,333
10/11/2024,09:00:00,Bus_3,Clear,18,28,16,3086,0,3.35,490,4,373
19/11/2024,09:00:00,Bus_12,Rainy,20,20,10,5063,0,2.78,221,5,104
